species,trait,model,correlation_mean,correlation_SD,RMSE_mean,RMSE_SD
barley,BaMMV,BL,0.685276917791099,0.0219134290204067,1.73252566739186,0.0549586372509965
barley,BaMMV,BRR,0.687290495429768,0.0209708337180852,1.72824953441974,0.0536017431580278
barley,BaMMV,BayesA,0.704364973974787,0.0215482616906549,1.6895760213463,0.0578382248468732
barley,BaMMV,BayesB,0.708918417846612,0.0210850816461405,1.67877656125742,0.0558971835292049
barley,BaMMV,BayesC,0.687972330373615,0.0210239384698046,1.72708140095417,0.0531691017823082
barley,BaMMV,GBLUP,0.687360067966951,0.0210366108569921,1.72850515766685,0.0536384809605456
barley,BaMMV,LightGBM,0.726488652115229,0.0217326791862343,1.63826560740148,0.0567246826105281
barley,BaMMV,RF,0.704345141280105,0.0259122786492058,1.69327054052176,0.0622288038523268
barley,BaMMV,RKHS,0.69664817865489,0.0211095782214425,1.70683345785825,0.0541877712684605
barley,BaMMV,XGBoost,0.72212624972897,0.0217246129012857,1.64644259525729,0.0562118839078718
barley,BaYMV,BL,0.532284448388545,0.0419086489072427,0.849034029519739,0.043907037548142
barley,BaYMV,BRR,0.532445636351438,0.0416829496419372,0.849219747264891,0.0432307119772999
barley,BaYMV,BayesA,0.545180966591229,0.042655020139355,0.841736746199891,0.0426068597022101
barley,BaYMV,BayesB,0.548372625841783,0.0424245930250181,0.839118730468929,0.0421631373982165
barley,BaYMV,BayesC,0.532669339719009,0.0417544346182875,0.849153678160399,0.0435825833479044
barley,BaYMV,GBLUP,0.53239145161117,0.0417504535043236,0.849214766349125,0.0437537470445743
barley,BaYMV,LightGBM,0.568932832381771,0.0400806034638264,0.825920575423581,0.0433189469742154
barley,BaYMV,RF,0.547533231439325,0.0413340784927571,0.839068623035931,0.0443962782426234
barley,BaYMV,RKHS,0.535803511531074,0.0419963908328097,0.846962464728357,0.0443150587599852
barley,BaYMV,XGBoost,0.573838276389381,0.0408267879488229,0.821606799302029,0.0433199160781956
bean,DF,BL,0.773958384057005,0.0439472253794453,1.49666984833051,0.129992713471868
bean,DF,BRR,0.770126848970106,0.0438192468353419,1.50656250094869,0.128417972565069
bean,DF,BayesA,0.787715549906984,0.046184373272392,1.45217855784361,0.153556624266033
bean,DF,BayesB,0.785880694240371,0.0407971055216772,1.45570584645126,0.140733847480305
bean,DF,BayesC,0.77973711801862,0.0419274234778415,1.47921458150363,0.124871969297259
bean,DF,GBLUP,0.770081630444404,0.0442900295936024,1.50732010844703,0.12998783715354
bean,DF,LightGBM,0.794506670314649,0.0377600570330356,1.42977296480484,0.12385673084852
bean,DF,RF,0.790370858365832,0.040447070082559,1.44670155292346,0.118832237127981
bean,DF,RKHS,0.777392033011352,0.042017750241607,1.49200552019657,0.124710913166447
bean,DF,XGBoost,0.799986098616201,0.0380701928004789,1.41483003919371,0.131889496948797
bean,DPM,BL,0.677052785280789,0.0456810076052745,1.52288733492282,0.0957454728637672
bean,DPM,BRR,0.675535732312909,0.0460469879556067,1.52293594138424,0.0973277808376733
bean,DPM,BayesA,0.676121197570669,0.0457134867798745,1.52073922983863,0.0947368795526168
bean,DPM,BayesB,0.685918095809575,0.0436542421423098,1.50358101849936,0.0953397791379789
bean,DPM,BayesC,0.677611302249495,0.045605336362921,1.52000863853134,0.0960914114183309
bean,DPM,GBLUP,0.675296309844552,0.0453047241148777,1.52412307770223,0.0938575358955988
bean,DPM,LightGBM,0.700376002487209,0.0463398826286137,1.47479715820038,0.117399260987628
bean,DPM,RF,0.650264859728379,0.0543357401548269,1.58912679609507,0.106594708435907
bean,DPM,RKHS,0.683417618396891,0.0441272637570178,1.51008976256954,0.0947114800611995
bean,DPM,XGBoost,0.692269363274432,0.0491577999540795,1.50643398824484,0.112323593430237
bean,PHI,BL,0.43813162832536,0.0775254900656425,3.98016664830179,0.376231397015702
bean,PHI,BRR,0.436750649823169,0.0781785337567475,3.97630310564312,0.373748822243767
bean,PHI,BayesA,0.438434587172531,0.076492748867727,3.97864211003335,0.362379715255839
bean,PHI,BayesB,0.444076352439407,0.0754186753449896,3.96359406625123,0.365925867103696
bean,PHI,BayesC,0.437437570886943,0.0777791756579045,3.97628095261223,0.376408039610211
bean,PHI,GBLUP,0.435685712444723,0.0774357361491285,3.97850396314001,0.375524625862228
bean,PHI,LightGBM,0.383293089764173,0.0493869152683302,4.06595771251907,0.429507444299562
bean,PHI,RF,0.388885186172179,0.0897820414505969,4.08407185320946,0.371628402549974
bean,PHI,RKHS,0.433084179709938,0.0737398881540312,3.97979779103718,0.393780408841645
bean,PHI,XGBoost,0.381235572097658,0.0708491366772535,4.06682689669077,0.3958695821144
bean,X100SdW,BL,0.672030045095977,0.0563917426159789,2.27592276353613,0.193900003179061
bean,X100SdW,BRR,0.670929639875912,0.0558858453538512,2.27759960680397,0.190382925445809
bean,X100SdW,BayesA,0.670253730385855,0.0560675673503605,2.28079048575054,0.191761750219475
bean,X100SdW,BayesB,0.670543238535854,0.0555049567975102,2.27636463755331,0.191076875018843
bean,X100SdW,BayesC,0.670565362274523,0.055984171400299,2.27863743442108,0.192501277376912
bean,X100SdW,GBLUP,0.670366206950893,0.0562847443777069,2.27868675638857,0.18955783025099
bean,X100SdW,LightGBM,0.615706168343304,0.0627789827020265,2.42764352590487,0.212155218566797
bean,X100SdW,RF,0.539838533021546,0.0954345258272395,2.6088120921492,0.261174260951449
bean,X100SdW,RKHS,0.670262184079742,0.0564895336193517,2.28081583718271,0.201325550524211
bean,X100SdW,XGBoost,0.612913019197908,0.0663142660578572,2.45603489494927,0.224482379050337
bean,Yd,BL,0.390273084077179,0.0718971913422036,190.501643658229,14.0932544767646
bean,Yd,BRR,0.394824457410482,0.0706842344589575,189.003324480007,14.5394126971093
bean,Yd,BayesA,0.393552374116765,0.0720402076973304,189.472215171386,14.3168372731667
bean,Yd,BayesB,0.396330414573408,0.07068132023824,189.077708058036,14.5973645074144
bean,Yd,BayesC,0.39559026921465,0.0718693819535008,188.924238418631,14.4577492507492
bean,Yd,GBLUP,0.394788757036052,0.070928369232661,189.009422263462,14.5254969703582
bean,Yd,LightGBM,0.355194216822155,0.0797914631880249,192.580940676394,15.4394440056423
bean,Yd,RF,0.332758968789731,0.0856560500101047,194.275002935889,15.5419414569141
bean,Yd,RKHS,0.391588129297983,0.0701519490980874,189.170299833454,14.655274596055
bean,Yd,XGBoost,0.347045873400817,0.0822664152586803,193.329538594401,14.4992481175802
lentil,DTF,BL,0.816006634693557,0.0617819697833053,1.89933754732407,0.241611692074184
lentil,DTF,BRR,0.815690660376408,0.0623117642364248,1.89818565327303,0.244088999128415
lentil,DTF,BayesA,0.816306072765211,0.0621786133225274,1.89312794845275,0.247378550888245
lentil,DTF,BayesB,0.816735735062087,0.0616509300824567,1.8921682107189,0.2446161512862
lentil,DTF,BayesC,0.81599433968597,0.0626701741899453,1.89470556542931,0.245480648847582
lentil,DTF,GBLUP,0.816160793954008,0.061891263397547,1.89426735496717,0.241608461730325
lentil,DTF,LightGBM,0.821180967796469,0.0550745587461381,1.87726125900381,0.217108295379928
lentil,DTF,RF,0.818005533224203,0.0551831758731902,1.8982571013249,0.243841324568551
lentil,DTF,RKHS,0.82521859926103,0.0586602134199324,1.85834495431523,0.234733004778433
lentil,DTF,XGBoost,0.820698500617754,0.0541398356251069,1.88481798095978,0.215341883662966
lentil,DTM,BL,0.840792770800845,0.0420913341106513,1.84849488374705,0.202094575525917
lentil,DTM,BRR,0.841271626565737,0.0424053285742825,1.84481501426669,0.204279761462644
lentil,DTM,BayesA,0.84136911181486,0.0428101931153581,1.84403955540722,0.205368106060279
lentil,DTM,BayesB,0.841297656942905,0.0426800486281695,1.84514714097372,0.20480320348679
lentil,DTM,BayesC,0.841635338732511,0.0423354201744392,1.84326907946039,0.203292699550114
lentil,DTM,GBLUP,0.841259964200462,0.0424979127457564,1.84470181192565,0.204708933678621
lentil,DTM,LightGBM,0.839079716752275,0.0471344445610067,1.84906359555821,0.200141521116946
lentil,DTM,RF,0.840997721360319,0.0423653310602909,1.8484897113468,0.21065164653706
lentil,DTM,RKHS,0.8443544102623,0.0416875617401446,1.8305310960148,0.206939005438347
lentil,DTM,XGBoost,0.845572114859596,0.0466333816193003,1.81378068217875,0.203446337877478
lentil,DTS,BL,0.856159795911692,0.0461004397914236,1.84541915473153,0.213308590258309
lentil,DTS,BRR,0.856567264339631,0.0462920744181082,1.83835531715889,0.216960087047294
lentil,DTS,BayesA,0.856460373603191,0.0465385525612219,1.83840734191631,0.21697731900066
lentil,DTS,BayesB,0.857229580278738,0.0460403310059131,1.83491984700451,0.215734554478667
lentil,DTS,BayesC,0.856492336656887,0.0464399820069188,1.83929423629731,0.21778706367024
lentil,DTS,GBLUP,0.856235912155406,0.046192678783607,1.84035987493471,0.214149711419693
lentil,DTS,LightGBM,0.848459845704989,0.0502504794522637,1.87812019199748,0.233874293781333
lentil,DTS,RF,0.852952078935965,0.0468457987711847,1.87716631412314,0.231743248776542
lentil,DTS,RKHS,0.86021304547099,0.0457661012090152,1.82141644552525,0.217501006515345
lentil,DTS,XGBoost,0.85634367590024,0.0457667574672669,1.84302322176115,0.207801606794404
lentil,REP,BL,0.698409932309613,0.0609474539546291,1.54293465554997,0.125972421481438
lentil,REP,BRR,0.700642585066435,0.0608497644723689,1.53538758355028,0.12420092152415
lentil,REP,BayesA,0.700521860439755,0.0601093654654929,1.53493625302213,0.123843411610753
lentil,REP,BayesB,0.700637475707887,0.0608268379826973,1.53521191173497,0.124151723283489
lentil,REP,BayesC,0.700259407084057,0.0615085862771422,1.53648064309761,0.126850016638068
lentil,REP,GBLUP,0.700444379119237,0.0596786807651266,1.53622192246597,0.123657032210642
lentil,REP,LightGBM,0.70686364838614,0.0562712340886947,1.52263751793093,0.1246289495337
lentil,REP,RF,0.719299977781574,0.0609240220163117,1.49661798801793,0.135328126916149
lentil,REP,RKHS,0.712630606831897,0.0581436886704233,1.51341406793392,0.125081282104131
lentil,REP,XGBoost,0.70869053132212,0.0633647446265204,1.51435928473689,0.13457253866699
lentil,VEG,BL,0.835753624992635,0.0546128487044303,1.90019701771582,0.237637598080673
lentil,VEG,BRR,0.836740243363927,0.0544724562702421,1.89135269798937,0.236069177605522
lentil,VEG,BayesA,0.836528210679582,0.0546843933786109,1.89088033413208,0.237481052423845
lentil,VEG,BayesB,0.836599462081274,0.0551308043860282,1.89102320433345,0.239304089847456
lentil,VEG,BayesC,0.836495579521699,0.0550225560453804,1.89177096065049,0.239187731371691
lentil,VEG,GBLUP,0.836612268225441,0.0546071967582513,1.89111921352812,0.237247941798013
lentil,VEG,LightGBM,0.8363980163907,0.0491784683844783,1.89270359126642,0.22667020936058
lentil,VEG,RF,0.836905311996006,0.0499583066045747,1.91454787909028,0.231606452365271
lentil,VEG,RKHS,0.843868609687546,0.0525054831204981,1.85894346429517,0.229474865827933
lentil,VEG,XGBoost,0.835418596189267,0.0492880665456324,1.89884325384371,0.216506430010193
maize,Ear_Height_cm,BL,0.838707772,0.0108682121329254,5.01598496,0.132931631045649
maize,Ear_Height_cm,BRR,0.839318812,0.0110683764239732,5.0060948,0.133198166472929
maize,Ear_Height_cm,BayesA,0.839816464,0.0111898365514157,4.99910856,0.135051838625976
maize,Ear_Height_cm,BayesB,0.840006133199161,0.0110825165036061,4.99617359858064,0.134384877713047
maize,Ear_Height_cm,BayesC,0.839569208,0.0109408501542354,5.00273392,0.131954325769348
maize,Ear_Height_cm,GBLUP,0.839341806945911,0.0109414616729002,5.00586710787578,0.132614285655029
maize,Ear_Height_cm,LightGBM,0.830786713038423,0.0125459789475217,5.14766061759232,0.143133925544099
maize,Ear_Height_cm,RF,0.7574985935958,0.0127020651477832,6.11297101624647,0.148986495060025
maize,Ear_Height_cm,RKHS,0.856548840325856,0.00942691588146683,4.75135421923163,0.119203532744514
maize,Ear_Height_cm,XGBoost,0.830266132050972,0.0120704670168152,5.1532717609116,0.135548829318953
maize,Grain_Moisture,BL,0.883268472530514,0.00767022202303855,0.671527962088571,0.0245061337011113
maize,Grain_Moisture,BRR,0.883172192,0.00775889190407368,0.671787764,0.0248999985332141
maize,Grain_Moisture,BayesA,0.883022145586735,0.00788507285104602,0.672184266078379,0.0251636554823401
maize,Grain_Moisture,BayesB,0.883109908,0.00779972358745914,0.671940196,0.025008138346371
maize,Grain_Moisture,BayesC,0.883167392,0.00778141456666245,0.671779092,0.0248492953478551
maize,Grain_Moisture,GBLUP,0.883166459217933,0.00779640503709555,0.671782588086012,0.0248646385344935
maize,Grain_Moisture,LightGBM,0.883643257916655,0.00701461751445251,0.670634934084843,0.02322540189436
maize,Grain_Moisture,RF,0.85490329862006,0.0100461691585712,0.757837898200949,0.0283953144744002
maize,Grain_Moisture,RKHS,0.892657238010402,0.00759864772149199,0.645428611964052,0.0258697545810789
maize,Grain_Moisture,XGBoost,0.885273324260601,0.00736300590787174,0.666560984708657,0.0221393962589706
maize,Plant_Height_cm,BL,0.857024668,0.00932272385740526,6.26425696,0.164065075937487
maize,Plant_Height_cm,BRR,0.857338124,0.00908630624182529,6.25841896,0.16046332013695
maize,Plant_Height_cm,BayesA,0.857600868,0.00891065528387784,6.25296504,0.159675526141161
maize,Plant_Height_cm,BayesB,0.857711892,0.00907312937676044,6.25073088,0.160716163272221
maize,Plant_Height_cm,BayesC,0.857673656,0.00890884290845711,6.251527,0.158911248409555
maize,Plant_Height_cm,GBLUP,0.857481350408414,0.00902391779545488,6.25536561801599,0.160512450164436
maize,Plant_Height_cm,LightGBM,0.855752735562406,0.00838731971396393,6.29835861358577,0.132063367816718
maize,Plant_Height_cm,RF,0.784701344501443,0.0121514240949562,7.59091362307777,0.211129165255201
maize,Plant_Height_cm,RKHS,0.878969484484531,0.00669775687825466,5.79680396551553,0.128913878077821
maize,Plant_Height_cm,XGBoost,0.856919479570331,0.00901940698057146,6.27809004619787,0.136849546481759
maize,Pollen_DAP_days,BL,0.932358742552561,0.00469062222742292,0.870854244171567,0.0328280580624388
maize,Pollen_DAP_days,BRR,0.932378764,0.00474625146693683,0.870656552,0.0331192482572461
maize,Pollen_DAP_days,BayesA,0.932425376,0.00475805593347395,0.870347184,0.0332420025600229
maize,Pollen_DAP_days,BayesB,0.932772676,0.00479207886528035,0.868181656,0.0332065896793854
maize,Pollen_DAP_days,BayesC,0.932401956,0.00473210981294109,0.870510904,0.0330278395192914
maize,Pollen_DAP_days,GBLUP,0.932371930625769,0.00465598656618831,0.87071399963999,0.0325092294575916
maize,Pollen_DAP_days,LightGBM,0.932553493018564,0.00423896223531984,0.871004733325122,0.0268988674327435
maize,Pollen_DAP_days,RF,0.901632119501867,0.00492657007693137,1.05717103885847,0.0378546706524995
maize,Pollen_DAP_days,RKHS,0.941827563657724,0.00424117449776485,0.809319367611568,0.0334851643089392
maize,Pollen_DAP_days,XGBoost,0.932244371506147,0.00395693132737236,0.873128014397932,0.027214965357132
maize,Silk_DAP_days,BL,0.931478074310774,0.00689935633237307,0.905019404463471,0.0431655066929539
maize,Silk_DAP_days,BRR,0.93147668,0.00689376648882888,0.904995696,0.0433446534453163
maize,Silk_DAP_days,BayesA,0.931483376,0.00684693575363462,0.904939204,0.0431593025569081
maize,Silk_DAP_days,BayesB,0.931608868,0.00692050180609037,0.90418918,0.0435331317393335
maize,Silk_DAP_days,BayesC,0.931491164246448,0.00690155602253074,0.904868661304225,0.0433740919836617
maize,Silk_DAP_days,GBLUP,0.93147312,0.00688784088013073,0.90502654,0.0432057922068616
maize,Silk_DAP_days,LightGBM,0.929043071932418,0.00675746614464973,0.922262810755173,0.0413087924435991
maize,Silk_DAP_days,RF,0.896614504999262,0.00851557783408611,1.11800471073629,0.0459637484015877
maize,Silk_DAP_days,RKHS,0.939641471825412,0.00650396758040276,0.850997722414774,0.0426614344837224
maize,Silk_DAP_days,XGBoost,0.930810106543015,0.0071694829305249,0.911603581997699,0.0444443673678198
maize,Yield_Mg_ha,BL,0.607394535612242,0.0255747920000908,0.543485602778099,0.016600482855946
maize,Yield_Mg_ha,BRR,0.608174468,0.025220035177145,0.543045916,0.0166294801187199
maize,Yield_Mg_ha,BayesA,0.608620368,0.0255665575040214,0.542830132,0.0167621909952806
maize,Yield_Mg_ha,BayesB,0.6087422,0.0256158518979622,0.542734384,0.0168280736547017
maize,Yield_Mg_ha,BayesC,0.608532088,0.0255426794161315,0.54284702,0.0167831597506499
maize,Yield_Mg_ha,GBLUP,0.608491996948416,0.0253912327366896,0.542890555737294,0.0167568701458913
maize,Yield_Mg_ha,LightGBM,0.676755025453679,0.0226707005613835,0.50381780196812,0.0166841848402254
maize,Yield_Mg_ha,RF,0.610827345775711,0.0231531683997497,0.548840748360395,0.0165380248788942
maize,Yield_Mg_ha,RKHS,0.69305318445301,0.0212290935488658,0.493138318316372,0.0154740363393874
maize,Yield_Mg_ha,XGBoost,0.678653281533627,0.0227222227135481,0.502982161597502,0.0170119094555691
oyster,daydead,BL,0.295581846849123,0.122262722136611,6.64212216160688,0.748834601525265
oyster,daydead,BRR,0.304870144991238,0.131667029766529,6.5730701712422,0.745956984868857
oyster,daydead,BayesA,0.30722366169123,0.124047115806266,6.60067340679113,0.75502779775346
oyster,daydead,BayesB,0.324947343694763,0.125135294096638,6.54239431733207,0.76528155339661
oyster,daydead,BayesC,0.307658606725182,0.135425100263447,6.57121337267969,0.748918260452424
oyster,daydead,GBLUP,0.305787391024913,0.131100291266719,6.57550995856982,0.754756742633719
oyster,daydead,LightGBM,0.429082260177206,0.127879260904058,6.22108342859823,0.726555633604528
oyster,daydead,RF,0.428722274374425,0.137772169417497,6.18959987410037,0.713586216931677
oyster,daydead,RKHS,0.310029877360482,0.136264484743642,6.56053940033825,0.743913939680027
oyster,daydead,XGBoost,0.399472158507241,0.133815284301551,6.30786660860404,0.675398476536853
oyster,mm,BL,0.461897941731632,0.0911920128707844,9.85118361832579,0.726791422278085
oyster,mm,BRR,0.458069477427928,0.0959474788995912,9.87219819399391,0.758280723527586
oyster,mm,BayesA,0.461917781412962,0.092770907863653,9.84687165456843,0.743007217156027
oyster,mm,BayesB,0.462311845917445,0.0914468314606438,9.83990679542628,0.729467109184733
oyster,mm,BayesC,0.460727355020632,0.093284276085906,9.86043155012369,0.736760902073088
oyster,mm,GBLUP,0.461074061964311,0.0946794599853574,9.84636913974806,0.742364462420934
oyster,mm,LightGBM,0.453237427992122,0.103970619381575,9.87510805294735,0.781762309430639
oyster,mm,RF,0.451387406286646,0.112693108403848,9.90431958621413,0.791220803477812
oyster,mm,RKHS,0.459095928469301,0.097718837846957,9.85958961385244,0.762334862408629
oyster,mm,XGBoost,0.439821371582901,0.0997034399069486,9.96384217525484,0.766448159494148
pig,MS,BL,0.330807058865052,0.0501968071256841,0.525442336485382,0.026065607778627
pig,MS,BRR,0.329666621154893,0.0502764594770281,0.525638349879141,0.026028168453328
pig,MS,BayesA,0.328897775923498,0.0495877423721072,0.526085240418349,0.0262361889710456
pig,MS,BayesB,0.33111119375513,0.0509494665555603,0.525614969200638,0.025916179852141
pig,MS,BayesC,0.330233665134661,0.0511082753475155,0.525667838919647,0.0257860471751288
pig,MS,GBLUP,0.328704495772689,0.0504969559361613,0.526018244313583,0.0258580518967613
pig,MS,LightGBM,0.341595055651958,0.051079699307085,0.523327712383802,0.0248650284811601
pig,MS,RF,0.340093786209933,0.0532018926480593,0.52441482909907,0.0251275018850241
pig,MS,RKHS,0.334359716551314,0.0513091871615333,0.524829379182068,0.0258386833818605
pig,MS,XGBoost,0.318441338837732,0.0482045947127537,0.528262992675089,0.0251136327822235
pig,PFAI,BL,0.295719496149562,0.0502303929506804,1.44242261425817,0.0946866368882663
pig,PFAI,BRR,0.295961005233257,0.0481077783209913,1.44270254993211,0.0941446644862891
pig,PFAI,BayesA,0.292002838827575,0.0472107348477718,1.44604766003888,0.0933120406904955
pig,PFAI,BayesB,0.295373714471617,0.0484548484386279,1.44340165498581,0.0946367847553654
pig,PFAI,BayesC,0.293605471572415,0.0492561084747539,1.4440188600501,0.095185799095961
pig,PFAI,GBLUP,0.293893933307497,0.0489172385261472,1.44417240244494,0.0945433687619655
pig,PFAI,LightGBM,0.312881083328182,0.0458893487010641,1.43412889149255,0.0905938634768013
pig,PFAI,RF,0.310668337465823,0.0547013006398759,1.43692977719217,0.0893627735222663
pig,PFAI,RKHS,0.300520104406233,0.0493319474243174,1.44057837604667,0.0941834810990916
pig,PFAI,XGBoost,0.295822555999139,0.0511063301428815,1.44281563247342,0.0928995322080497
pine,BA,BL,0.814781103310501,0.0291295006118807,2.51193978013205,0.169973490536658
pine,BA,BRR,0.814933540538283,0.0289040560587683,2.51086416030915,0.170821457520646
pine,BA,BayesA,0.81428972809648,0.0287183224125101,2.51540231643968,0.167678726683351
pine,BA,BayesB,0.812893466075677,0.029250138815067,2.52217482792537,0.1719749898907
pine,BA,BayesC,0.813694156333103,0.029241364612026,2.51771117761623,0.173124510428139
pine,BA,GBLUP,0.812619758021597,0.0287696701508667,2.52391841406837,0.169884469833723
pine,BA,LightGBM,0.806075480485518,0.0269947870229317,2.56957034243381,0.145015690808443
pine,BA,RF,0.803112842004608,0.0271266034722846,2.68837870647798,0.143647408725438
pine,BA,RKHS,0.814283153865282,0.028007560038237,2.51674910490909,0.162238516561266
pine,BA,XGBoost,0.806716487072991,0.0270069487465579,2.55979878939587,0.149387612978353
pine,BD,BL,0.822451798282582,0.0193246627511746,0.0492056481342912,0.00263400392314708
pine,BD,BRR,0.822014488673772,0.0182190574323767,0.0492672974091547,0.00295482464170857
pine,BD,BayesA,0.824268905790237,0.0200871440803434,0.0489621273498873,0.00319010477860714
pine,BD,BayesB,0.823917154043063,0.0198358973987321,0.0490005167626218,0.00309002574496138
pine,BD,BayesC,0.822138180792215,0.0185242986478849,0.0492209699810923,0.00282245203367862
pine,BD,GBLUP,0.820044428076867,0.0192278913579963,0.0494762244981019,0.0030576790325817
pine,BD,LightGBM,0.833567140841803,0.019885687148055,0.0481573801603361,0.00324522661152553
pine,BD,RF,0.825046227969157,0.0219736040947597,0.0513966401684151,0.00336433685563199
pine,BD,RKHS,0.826770218448921,0.0189540016474326,0.0486784495774564,0.00316644321346872
pine,BD,XGBoost,0.825777931128531,0.0239908556766464,0.048944094438501,0.00361975020519244
pine,BLC,BL,0.794800282662344,0.0273689336338746,0.185409100366931,0.0100393247661691
pine,BLC,BRR,0.793400540292842,0.0270586433613441,0.185931820509006,0.00961391632808343
pine,BLC,BayesA,0.793677941116981,0.0265249144784104,0.185802338443398,0.00967061027149439
pine,BLC,BayesB,0.793009144327361,0.0259380631014333,0.185964547914712,0.00968951903019344
pine,BLC,BayesC,0.793220856483483,0.025980191920581,0.185945836286426,0.00951509374604116
pine,BLC,GBLUP,0.79218327903019,0.0277229755706127,0.18623960535931,0.0100826665773388
pine,BLC,LightGBM,0.78935268663139,0.0312595860486777,0.188155193662775,0.00993683585719029
pine,BLC,RF,0.781353913028954,0.032371053635217,0.197228846344365,0.00979245694724353
pine,BLC,RKHS,0.793759689084544,0.0280010086899191,0.185690218766291,0.0100054329698659
pine,BLC,XGBoost,0.789397639212391,0.0310963472655559,0.187568573363258,0.0103453512208811
pine,CWAC,BL,0.722634375992437,0.0287513095145286,19.1174659834893,0.710286049130707
pine,CWAC,BRR,0.722375001656559,0.0283270537557914,19.1295947645912,0.698061478804085
pine,CWAC,BayesA,0.722250911580993,0.0284981912554133,19.1264099615223,0.730737066579595
pine,CWAC,BayesB,0.721047492368763,0.026182469450885,19.1477434399946,0.703367760238404
pine,CWAC,BayesC,0.722375143956573,0.0265876109310496,19.1247264593313,0.717763668500211
pine,CWAC,GBLUP,0.720424806970419,0.0279309306025017,19.1677685174181,0.719835021127866
pine,CWAC,LightGBM,0.712531510166526,0.0265069356848552,19.4250619397985,0.70868352786029
pine,CWAC,RF,0.705083394932945,0.0318752974863901,20.1021702357414,0.771063598109805
pine,CWAC,RKHS,0.722386177491809,0.0271199329314368,19.1248253864451,0.704940617075539
pine,CWAC,XGBoost,0.712268749592953,0.0267939535958047,19.4179643900315,0.680404656333622
pine,CWAL,BL,0.771531515735066,0.0264616483291554,8.95842616151311,0.423587187801011
pine,CWAL,BRR,0.773568744214432,0.0261579675010949,8.92575597379527,0.440785793627445
pine,CWAL,BayesA,0.773676607263945,0.0244594866868398,8.92216825418558,0.449636384616785
pine,CWAL,BayesB,0.772655443764607,0.0240925134958655,8.9372019892208,0.429163439439007
pine,CWAL,BayesC,0.772753343748023,0.0244041942446042,8.93555987671323,0.445817324479839
pine,CWAL,GBLUP,0.770907777002246,0.0251528749159781,8.96522327731535,0.45977936997276
pine,CWAL,LightGBM,0.768359353723535,0.0290108260305291,9.03929985624114,0.437045363106583
pine,CWAL,RF,0.764422943530165,0.0302515782501396,9.38422180335519,0.439086054651152
pine,CWAL,RKHS,0.771861439665736,0.0265451721379335,8.95404282814053,0.454209952702983
pine,CWAL,XGBoost,0.766242790100033,0.02969388357128,9.04650127963188,0.459017843016805
pine,DBH,BL,0.728096159022161,0.0283041874283288,0.66916468702192,0.0361979234013288
pine,DBH,BRR,0.727206252034495,0.0287801529457648,0.670087003274254,0.0355232726137908
pine,DBH,BayesA,0.725347528416885,0.0281416051311047,0.671861528232774,0.0362565401542969
pine,DBH,BayesB,0.722808133669128,0.0288326677529302,0.674046005616836,0.0360875137664481
pine,DBH,BayesC,0.725272441461023,0.0289338057282688,0.671925639275085,0.037511382914678
pine,DBH,GBLUP,0.726831696664379,0.0282841399678296,0.670136361793714,0.0352169042009985
pine,DBH,LightGBM,0.716463543125954,0.0278438431342813,0.68097763373624,0.0310924734680467
pine,DBH,RF,0.719315685114598,0.0291616279718125,0.699376210160263,0.029067964487127
pine,DBH,RKHS,0.729848093062944,0.0290955692534506,0.667143142635424,0.0350666612637185
pine,DBH,XGBoost,0.720726085273938,0.0313870959029887,0.677803422008804,0.0350760396552957
pine,HT,BL,0.629165078532468,0.048384972616744,34.525604789956,2.26893493880964
pine,HT,BRR,0.634255035043024,0.0425914750030165,34.3458800835489,2.06513417521002
pine,HT,BayesA,0.636845917702365,0.039092990497576,34.2476248316329,1.9044195757826
pine,HT,BayesB,0.631260552057989,0.0412762807529349,34.4345987246364,1.95961558659104
pine,HT,BayesC,0.636044503910071,0.0388187201677377,34.2591141566417,1.95812206417657
pine,HT,GBLUP,0.632095205441373,0.038912365801064,34.4182663450504,1.95762904336979
pine,HT,LightGBM,0.627080643488097,0.0429369370520328,34.5759503764225,1.63716650893744
pine,HT,RF,0.628336538959728,0.0450883017418373,35.3197421725332,1.98553859614993
pine,HT,RKHS,0.638361687595871,0.0402720327766478,34.1864917104877,1.84331701251753
pine,HT,XGBoost,0.632648201128038,0.0452033431745794,34.3689494205432,1.6918581746061
pine,HTLC,BL,0.779609783674576,0.0337960535517698,9.07495990043134,0.613574493234356
pine,HTLC,BRR,0.779784478982735,0.033874360573105,9.07064185724326,0.621876235114315
pine,HTLC,BayesA,0.779681176511758,0.0341613644598646,9.07189486123726,0.604171198445716
pine,HTLC,BayesB,0.776182939701606,0.0342661874729845,9.13120276202678,0.61365215487337
pine,HTLC,BayesC,0.779128788699793,0.0342908711076454,9.08107893715752,0.602527066552654
pine,HTLC,GBLUP,0.778095326901817,0.0343463557089977,9.0996227655635,0.601381845659581
pine,HTLC,LightGBM,0.769775964651947,0.0310221078241458,9.26106212032005,0.625281850227657
pine,HTLC,RF,0.77126839294987,0.0359141963299857,9.46788992870047,0.675409476118688
pine,HTLC,RKHS,0.778459706059705,0.0344569868761675,9.09132260784621,0.620266573011784
pine,HTLC,XGBoost,0.774035759927471,0.033203826466944,9.18043207480668,0.564356620331844
pine,c5c6,BL,0.9008004160075,0.012669129678947,0.326308121042941,0.0161518063174804
pine,c5c6,BRR,0.901247518704135,0.0124662453375962,0.325609423517295,0.0162731657980472
pine,c5c6,BayesA,0.900618311728472,0.0123226504156967,0.326508023771477,0.0162355073630232
pine,c5c6,BayesB,0.898944341774012,0.013639508815229,0.328924541812683,0.0172030646454785
pine,c5c6,BayesC,0.899685456195022,0.013615483673734,0.32782166989879,0.0169506616570215
pine,c5c6,GBLUP,0.899339264384304,0.012620096421988,0.328333040431223,0.016175738893052
pine,c5c6,LightGBM,0.907216078094786,0.0128897439191976,0.323074188981425,0.0196839120961471
pine,c5c6,RF,0.908797976458272,0.0137363109432951,0.358790177965264,0.0233945050230408
pine,c5c6,RKHS,0.903021342759081,0.0119874143830367,0.323566347928256,0.0156219124615059
pine,c5c6,XGBoost,0.901093427004827,0.014722282126527,0.329503972542856,0.0214199644428816
pine,density,BL,0.941896574023204,0.00953084538521948,0.197538293761231,0.0130951489663838
pine,density,BRR,0.941948225399971,0.00923659232151766,0.197390607959894,0.0128462844986275
pine,density,BayesA,0.941835066501726,0.00940265169923599,0.197637344689215,0.0129671930966807
pine,density,BayesB,0.940639626266998,0.00946816242777058,0.199499214160162,0.0128405256940901
pine,density,BayesC,0.941228780325995,0.00965942457051809,0.198551331868979,0.0131406193706405
pine,density,GBLUP,0.941230724542481,0.00919561203251135,0.198481579555509,0.0127686372055719
pine,density,LightGBM,0.944318222642796,0.0101927589465472,0.198257429750486,0.0149473506468913
pine,density,RF,0.943235032774593,0.0106342568040661,0.236046293535803,0.0149098998407018
pine,density,RKHS,0.94389700428347,0.0093055444811813,0.19508320762745,0.0128566496654001
pine,density,XGBoost,0.937437932733993,0.0122398101233458,0.205315444873569,0.0166917311834838
pine,gall,BL,0.893992463247841,0.0156179691494491,0.163274269746076,0.00794531964596135
pine,gall,BRR,0.891944023698189,0.0159704726778798,0.164687814080112,0.00821089426877706
pine,gall,BayesA,0.894461873455479,0.0154729289489903,0.162884630567497,0.00795573586492677
pine,gall,BayesB,0.894158180042178,0.0160637241243065,0.162981410491847,0.00779705538958123
pine,gall,BayesC,0.893555136376007,0.0157349433281057,0.163507161443019,0.00758436708075192
pine,gall,GBLUP,0.890871668173391,0.0162897551120943,0.165261678787902,0.00842000857586037
pine,gall,LightGBM,0.898700615912362,0.0154954750430795,0.163202473718504,0.0090719356488832
pine,gall,RF,0.893261395604726,0.0147032677780188,0.183017771342706,0.0104968596444237
pine,gall,RKHS,0.896889884711581,0.014498956586289,0.161674365726894,0.00813291592612661
pine,gall,XGBoost,0.893099012891805,0.0154166842091239,0.166366240815196,0.00836803904793921
pine,lateWood.4,BL,0.903068669754223,0.00958544167072749,0.20807771893752,0.0113497408380724
pine,lateWood.4,BRR,0.903018883380708,0.00947135722533538,0.208146155826053,0.0111411403515318
pine,lateWood.4,BayesA,0.902439678935068,0.00985783913389142,0.208746841368316,0.0113525295342299
pine,lateWood.4,BayesB,0.901211413278348,0.00974072380893905,0.209910157279071,0.0115638809267294
pine,lateWood.4,BayesC,0.902013294906727,0.00987183424447734,0.209089508960637,0.0112636595706101
pine,lateWood.4,GBLUP,0.901146942926337,0.00945066280074024,0.209935932138373,0.011072729756321
pine,lateWood.4,LightGBM,0.903001382305844,0.0120559725166681,0.209085637493569,0.0119142649304749
pine,lateWood.4,RF,0.906325365848362,0.0120869216250656,0.226475042865614,0.0151829727515345
pine,lateWood.4,RKHS,0.904711381233047,0.00955204019337548,0.206625551879373,0.011422180400436
pine,lateWood.4,XGBoost,0.906579002300409,0.0112389470841057,0.207101965165178,0.0126422580255528
pine,lignin,BL,0.901763048586959,0.0132981004365639,0.1140645794286,0.00649728587909018
pine,lignin,BRR,0.90314835293613,0.0109918531506264,0.113306970931515,0.00544228890512462
pine,lignin,BayesA,0.902263764486456,0.0116197612629174,0.113788892971903,0.00577056199067374
pine,lignin,BayesB,0.900408689271004,0.0118307328446819,0.11476565883265,0.00584747409453489
pine,lignin,BayesC,0.901539770907247,0.0112802040346694,0.114196803494373,0.00554599558007723
pine,lignin,GBLUP,0.900288547409117,0.0125199536988157,0.114801433209093,0.00597009369323898
pine,lignin,LightGBM,0.906161103542632,0.00982616417936185,0.113421163259112,0.0053179394962262
pine,lignin,RF,0.907093720670217,0.0106477186262364,0.124949030013448,0.00679396867525768
pine,lignin,RKHS,0.904058200815919,0.0107692313623081,0.11293430244983,0.00550415256107705
pine,lignin,XGBoost,0.900612391892622,0.0104113770869233,0.117021496273315,0.00526247357248963
pine,rootnum,BL,0.868825631045276,0.0227066614150118,0.120775692268887,0.00697439974428563
pine,rootnum,BRR,0.867677327221879,0.0226925768518566,0.121257627439727,0.00686344342763961
pine,rootnum,BayesA,0.868220669532633,0.0227145858090704,0.121032145254475,0.00698804863485878
pine,rootnum,BayesB,0.865467904310507,0.0230088058516641,0.122064581174512,0.00715825145259099
pine,rootnum,BayesC,0.867587054486304,0.0227035312010222,0.121213237267172,0.00684954614587959
pine,rootnum,GBLUP,0.865605805260112,0.023299757736113,0.122036306517358,0.00705473915849497
pine,rootnum,LightGBM,0.871450615931403,0.0227224279884997,0.121340344969976,0.00686918470614222
pine,rootnum,RF,0.872166821255973,0.0232487406945738,0.130914409204992,0.00696951145237939
pine,rootnum,RKHS,0.86986966526065,0.0224146159103373,0.12051459579687,0.0068695421058657
pine,rootnum,XGBoost,0.869932586857927,0.0209137194481047,0.121301918691266,0.00593819651301798
pine,rootnumbin,BL,0.850214923814143,0.0212645897459164,0.0490658461842471,0.00264510486039049
pine,rootnumbin,BRR,0.848807166760319,0.0215461600931953,0.049257569588607,0.00255375479861126
pine,rootnumbin,BayesA,0.84850094905072,0.0212884007113821,0.0492935219679368,0.00249462984000193
pine,rootnumbin,BayesB,0.847712968677352,0.0211032327752021,0.0494003768035626,0.00254196983073929
pine,rootnumbin,BayesC,0.848628207262569,0.0215251630484168,0.049283129230258,0.00254087587167868
pine,rootnumbin,GBLUP,0.845577622552348,0.0224269439285664,0.0497000080679385,0.00263486430918652
pine,rootnumbin,LightGBM,0.858723697080486,0.0216252797171868,0.0484685810364265,0.00258040946628024
pine,rootnumbin,RF,0.860047754924667,0.0225832317538125,0.0516415822812205,0.00282356322642017
pine,rootnumbin,RKHS,0.849065723873848,0.0217357778715241,0.0492371120725894,0.00256297181927677
pine,rootnumbin,XGBoost,0.852287044199268,0.0227609303454193,0.0492651465077175,0.00236721361575481
pine,rustbin,BL,0.85542645736252,0.0245852934269729,0.0784614447922845,0.0027254767895641
pine,rustbin,BRR,0.853035375827732,0.0246478417752128,0.0790807858492641,0.00260073066134366
pine,rustbin,BayesA,0.857906661547688,0.0242022351064748,0.0778687814705773,0.00269942557850572
pine,rustbin,BayesB,0.857780769304709,0.0255756617906576,0.0778301905612902,0.00290163916426974
pine,rustbin,BayesC,0.855656521397121,0.0231226845445789,0.0784125560321508,0.00279921227988157
pine,rustbin,GBLUP,0.849970393813585,0.0255814936048184,0.0797392906471064,0.00297228280559585
pine,rustbin,LightGBM,0.866871663647837,0.0222454406246949,0.0763818506649637,0.0023466811890561
pine,rustbin,RF,0.861358234539854,0.0214913589086233,0.0840465150637464,0.00315972000135692
pine,rustbin,RKHS,0.856272572685692,0.0230877167906779,0.0783841482295195,0.00236235184909805
pine,rustbin,XGBoost,0.865628954517062,0.022048738470348,0.0766603481908835,0.00311502587532302
pine,stiffnessTree,BL,0.870980488466354,0.0122650262850559,0.270986300533189,0.0133303602765455
pine,stiffnessTree,BRR,0.870473602701375,0.0125138875243919,0.271415206790335,0.0127442720457348
pine,stiffnessTree,BayesA,0.870371055467636,0.0129040162358026,0.271489220045125,0.0131586167032852
pine,stiffnessTree,BayesB,0.867719021123145,0.0129366885507707,0.27397560939655,0.0121096723450155
pine,stiffnessTree,BayesC,0.86997409548902,0.0137487305757377,0.271724408757792,0.01322457530614
pine,stiffnessTree,GBLUP,0.86942593093121,0.0131977316969946,0.272128690400234,0.0128364345062493
pine,stiffnessTree,LightGBM,0.861724690172715,0.014446776228178,0.283285398741194,0.0165155393839108
pine,stiffnessTree,RF,0.859798961465299,0.0145808339173454,0.305432784835212,0.0186075561677526
pine,stiffnessTree,RKHS,0.868858655627079,0.0135669017490543,0.273184956540465,0.0142788483708911
pine,stiffnessTree,XGBoost,0.85949360300123,0.0138182383349601,0.287182422821325,0.016741126562326
rice,Alkali_spreading_value,BL,0.313788207473531,0.108794004964814,0.990360213255285,0.142496769271237
rice,Alkali_spreading_value,BRR,0.317060005345658,0.108323903577186,0.989694946220549,0.142480856822213
rice,Alkali_spreading_value,BayesA,0.308503989994034,0.109236517053767,0.994554195093637,0.144918725738803
rice,Alkali_spreading_value,BayesB,0.311023756429146,0.108028639467306,0.992289378715154,0.140748977867611
rice,Alkali_spreading_value,BayesC,0.31660288211225,0.10678118359555,0.989850516076192,0.142755910080802
rice,Alkali_spreading_value,GBLUP,0.314370800391557,0.10771901417052,0.990624163921421,0.142331221146849
rice,Alkali_spreading_value,LightGBM,0.322616510741079,0.10172728967545,1.00616463214652,0.133161724444474
rice,Alkali_spreading_value,RF,0.360310320732757,0.0982402676654508,0.973168199939292,0.137352593079955
rice,Alkali_spreading_value,RKHS,0.308725901400646,0.106755805193959,0.994071662977875,0.140448852667867
rice,Alkali_spreading_value,XGBoost,0.349432576677703,0.10888595263941,0.989810112587737,0.12856074662806
rice,Amylose_content,BL,0.668118068795394,0.060785598600409,3.90334754043321,0.682614853022594
rice,Amylose_content,BRR,0.667279086251748,0.0614333975743872,3.90379564461454,0.688739908555266
rice,Amylose_content,BayesA,0.666373568410919,0.0607460839060037,3.90931308492972,0.672835331306768
rice,Amylose_content,BayesB,0.668271905117234,0.0593766906777061,3.89909479344289,0.674024274079017
rice,Amylose_content,BayesC,0.668421191663203,0.0595390874740618,3.89722311220037,0.67778447116653
rice,Amylose_content,GBLUP,0.667852702324849,0.0607901211428032,3.90048566978117,0.683327633739007
rice,Amylose_content,LightGBM,0.70843761274857,0.0583703840723439,3.69975275894693,0.641263733992901
rice,Amylose_content,RF,0.713037579924076,0.0569603581797371,3.67756998083955,0.609808930936352
rice,Amylose_content,RKHS,0.664594462064699,0.0595357288119875,3.92166102502559,0.677646497806727
rice,Amylose_content,XGBoost,0.731223294008234,0.051528560514678,3.57697481661964,0.579406354836986
rice,Awn_presence,BL,0.222554943879351,0.110214196213177,0.413209800226163,0.0223556059394649
rice,Awn_presence,BRR,0.224398494550185,0.108794701953828,0.413021778662471,0.022769238595748
rice,Awn_presence,BayesA,0.239152152765254,0.100092851980658,0.412334824764289,0.0229636287676683
rice,Awn_presence,BayesB,0.240732335862564,0.105274369118912,0.411422345566635,0.0222687165691111
rice,Awn_presence,BayesC,0.226055644756496,0.1053322804428,0.412975426383401,0.0225580594250959
rice,Awn_presence,GBLUP,0.226531327199558,0.107014458644474,0.412876145678823,0.0224854083146673
rice,Awn_presence,LightGBM,0.248528037803028,0.121304437231005,0.409908433133896,0.023512015189685
rice,Awn_presence,RF,0.230402468588986,0.122286494423283,0.412398997039927,0.0238621243371157
rice,Awn_presence,RKHS,0.215383054998189,0.110703957836178,0.413987076848316,0.0227172134908265
rice,Awn_presence,XGBoost,0.277990243346721,0.115067082107746,0.40770673159922,0.0184357399384213
rice,Blast_resistance,BL,0.52046726915298,0.0849266806262967,2.4854756763036,0.14711333263341
rice,Blast_resistance,BRR,0.520186218671028,0.0840268337968302,2.48584150168554,0.142604610850878
rice,Blast_resistance,BayesA,0.519123634979933,0.0860116539490794,2.48502815402102,0.153135947394088
rice,Blast_resistance,BayesB,0.521522272371411,0.0844035173902094,2.48365087500251,0.147840304503321
rice,Blast_resistance,BayesC,0.52059413205211,0.084418640454889,2.4844825303801,0.14736403401525
rice,Blast_resistance,GBLUP,0.520257652036256,0.0831745379816343,2.48521212788433,0.143580581123018
rice,Blast_resistance,LightGBM,0.578466860516456,0.0846276465671033,2.36449825345175,0.155734913508559
rice,Blast_resistance,RF,0.566852544835881,0.0875980895856129,2.3913480392278,0.15668409145586
rice,Blast_resistance,RKHS,0.50702848839265,0.0872030214818878,2.51265716741259,0.138962620614675
rice,Blast_resistance,XGBoost,0.555594771658381,0.0918146232942748,2.4094074945437,0.16749318562507
rice,Brown_rice_length_width_ratio,BL,0.631867615334984,0.0677456468336137,0.396149198633677,0.0354097539374891
rice,Brown_rice_length_width_ratio,BRR,0.630384639805145,0.0674335281209137,0.395108274234574,0.0347986923464725
rice,Brown_rice_length_width_ratio,BayesA,0.631267909880396,0.067619552553506,0.394563089014383,0.0346974942908689
rice,Brown_rice_length_width_ratio,BayesB,0.635063285426785,0.0694063066960658,0.392703793341462,0.0345725902598208
rice,Brown_rice_length_width_ratio,BayesC,0.630916371750152,0.0684757475731269,0.394400367659697,0.035307273589949
rice,Brown_rice_length_width_ratio,GBLUP,0.629327409027213,0.0680970657103002,0.394803619088292,0.0351562214347989
rice,Brown_rice_length_width_ratio,LightGBM,0.678431207736141,0.0550580147047017,0.375263404594326,0.0339649328374577
rice,Brown_rice_length_width_ratio,RF,0.663658379928319,0.0504498595591071,0.383174086319871,0.0322231657950284
rice,Brown_rice_length_width_ratio,RKHS,0.611913219346093,0.0719843285356738,0.402611057592641,0.0341351801701695
rice,Brown_rice_length_width_ratio,XGBoost,0.680412872123684,0.0559738414851498,0.372218514218349,0.0361702424570597
rice,Brown_rice_seed_length,BL,0.538457233764598,0.0733536435470541,0.649923260005574,0.0499740482875916
rice,Brown_rice_seed_length,BRR,0.542315668277467,0.0749030027339695,0.646812226999883,0.0505385011559747
rice,Brown_rice_seed_length,BayesA,0.546575247537296,0.0745876964064643,0.643372663490298,0.0505771451207516
rice,Brown_rice_seed_length,BayesB,0.547633381754306,0.0788196840854439,0.643019501591653,0.0520352225087559
rice,Brown_rice_seed_length,BayesC,0.54444813174731,0.0762270041929661,0.645234951535439,0.0514819883133673
rice,Brown_rice_seed_length,GBLUP,0.543544768883651,0.0754639715826878,0.645633542528324,0.0503457175832002
rice,Brown_rice_seed_length,LightGBM,0.606828287323137,0.0610423558812438,0.612227139007821,0.0502713500246406
rice,Brown_rice_seed_length,RF,0.619917076622853,0.0524001750483128,0.606405926884817,0.0544889871041526
rice,Brown_rice_seed_length,RKHS,0.522134534029553,0.0800377215025498,0.65638925493207,0.0498277715876106
rice,Brown_rice_seed_length,XGBoost,0.627198457397235,0.0567383631822796,0.599057663270964,0.0537415008397004
rice,Brown_rice_seed_width,BL,0.685387087919297,0.0591368054443899,0.231502451110691,0.0205896585674151
rice,Brown_rice_seed_width,BRR,0.687141058100351,0.0564731907065345,0.2301828363701,0.0208289793303726
rice,Brown_rice_seed_width,BayesA,0.685168273225458,0.0569607814459442,0.230714664185989,0.0208943118765252
rice,Brown_rice_seed_width,BayesB,0.687624440504394,0.0548300419889783,0.229907384851795,0.0209864420698571
rice,Brown_rice_seed_width,BayesC,0.688886725823439,0.056516070915041,0.229716525705426,0.0207036842011628
rice,Brown_rice_seed_width,GBLUP,0.688205364840089,0.0571331164535756,0.229869982872722,0.0209824981357857
rice,Brown_rice_seed_width,LightGBM,0.731030730034755,0.0540583124045982,0.21613364847071,0.0209975068781954
rice,Brown_rice_seed_width,RF,0.721353103299907,0.0515334411626737,0.219628573150932,0.0208943039368686
rice,Brown_rice_seed_width,RKHS,0.678048006421632,0.0567257737394262,0.233314721195595,0.0199930309743036
rice,Brown_rice_seed_width,XGBoost,0.731312121665331,0.0502440947875291,0.21562964571035,0.0207636184590645
rice,Brown_rice_surface_area,BL,0.532515456889292,0.0781160056399243,0.116278054829836,0.0104625281793027
rice,Brown_rice_surface_area,BRR,0.538775020086028,0.0746909723815466,0.115559041901662,0.0104811329754232
rice,Brown_rice_surface_area,BayesA,0.54327510306021,0.0749908918743892,0.115425004029454,0.010929121101918
rice,Brown_rice_surface_area,BayesB,0.556398560981828,0.0771316921502532,0.114172411245272,0.0107385633327646
rice,Brown_rice_surface_area,BayesC,0.54130361897618,0.0751382996088623,0.115329937114829,0.0106884364611084
rice,Brown_rice_surface_area,GBLUP,0.538260069255244,0.0742122582489954,0.115621995032715,0.0105308894939717
rice,Brown_rice_surface_area,LightGBM,0.636355371786786,0.073085553392736,0.105592319218493,0.0103898284095902
rice,Brown_rice_surface_area,RF,0.624709044093454,0.0788401774131505,0.107129653944639,0.0110202120442238
rice,Brown_rice_surface_area,RKHS,0.523080430886894,0.0799264365724168,0.116956473591773,0.0107793763645772
rice,Brown_rice_surface_area,XGBoost,0.649365712479617,0.0720542291981871,0.104651062261973,0.0102104858057727
rice,Brown_rice_volume,BL,0.624502835768873,0.0582716818651882,1.01452787163918,0.0981912652537327
rice,Brown_rice_volume,BRR,0.629400108088546,0.060627741913776,1.00866866272912,0.101558617857003
rice,Brown_rice_volume,BayesA,0.636644835308992,0.0620109689372167,1.00149846391854,0.105968072177865
rice,Brown_rice_volume,BayesB,0.642457048152108,0.060837402350078,0.994109750127679,0.103237254516968
rice,Brown_rice_volume,BayesC,0.629658313170331,0.0622015805737533,1.00837933834669,0.102529100500124
rice,Brown_rice_volume,GBLUP,0.630435291770442,0.0596372560039275,1.00781991660893,0.102271828169389
rice,Brown_rice_volume,LightGBM,0.712421613533369,0.0599236650107191,0.907960319304293,0.103335242346957
rice,Brown_rice_volume,RF,0.693487941302306,0.0622730659833207,0.93436860299164,0.0997210022395273
rice,Brown_rice_volume,RKHS,0.615348729993189,0.0618589590524571,1.02358918473984,0.100159758937469
rice,Brown_rice_volume,XGBoost,0.716905953834186,0.0608051617425443,0.901974136695587,0.0915993821038007
rice,Culm_habit,BL,0.614818673756673,0.0565411945705466,1.45111994553587,0.11600346622566
rice,Culm_habit,BRR,0.615072438900833,0.0566058138348748,1.44970817131163,0.115567275079101
rice,Culm_habit,BayesA,0.617550867103543,0.0592846891864976,1.44506744553493,0.120723551747014
rice,Culm_habit,BayesB,0.628021226673456,0.061499896411642,1.43036666626128,0.122649562268333
rice,Culm_habit,BayesC,0.614267820499665,0.057212655511392,1.45103131353815,0.117262680334561
rice,Culm_habit,GBLUP,0.614516835578898,0.0564800874409746,1.45035151528929,0.116282054730808
rice,Culm_habit,LightGBM,0.689828366684129,0.0593483873788667,1.33180218052269,0.121590238442171
rice,Culm_habit,RF,0.670321661151293,0.0532334862541658,1.36522654341566,0.113277227825782
rice,Culm_habit,RKHS,0.600716266081934,0.0550260481875469,1.46935187243398,0.111912957747124
rice,Culm_habit,XGBoost,0.694069489433253,0.0651055259266246,1.32119700066644,0.125648531840411
rice,FT_ratio_of_Arkansas_Aberdeen,BL,0.343603612385231,0.10001573151453,0.178365009893795,0.0188067694688619
rice,FT_ratio_of_Arkansas_Aberdeen,BRR,0.363452344809419,0.0922819046349257,0.177212776892948,0.0188890458339905
rice,FT_ratio_of_Arkansas_Aberdeen,BayesA,0.368536783130441,0.0941846412667595,0.176658044163951,0.018729457708598
rice,FT_ratio_of_Arkansas_Aberdeen,BayesB,0.370608965149807,0.0925439723643778,0.176586969617864,0.0188551168500769
rice,FT_ratio_of_Arkansas_Aberdeen,BayesC,0.362671810077272,0.0927428031509751,0.177262261610853,0.0187939662352605
rice,FT_ratio_of_Arkansas_Aberdeen,GBLUP,0.363694750359386,0.0927717655304275,0.177037322416395,0.0188126553374206
rice,FT_ratio_of_Arkansas_Aberdeen,LightGBM,0.433728667631207,0.0930481652435511,0.170806266311559,0.0188498755029512
rice,FT_ratio_of_Arkansas_Aberdeen,RF,0.396941032019643,0.0971952521362313,0.174379138126609,0.018303255759059
rice,FT_ratio_of_Arkansas_Aberdeen,RKHS,0.341970784790426,0.0881472070569249,0.178526923769486,0.0188148096587259
rice,FT_ratio_of_Arkansas_Aberdeen,XGBoost,0.440460015065582,0.0869085944056181,0.170823912408938,0.0191335326751439
rice,FT_ratio_of_Faridpur_Aberdeen,BL,0.277300314679212,0.128998747826012,0.150756923225082,0.0128792800004852
rice,FT_ratio_of_Faridpur_Aberdeen,BRR,0.293934942868894,0.124404216656445,0.149959654849655,0.0128224498287106
rice,FT_ratio_of_Faridpur_Aberdeen,BayesA,0.303123922949001,0.127383978124739,0.149323172574938,0.0131682648603013
rice,FT_ratio_of_Faridpur_Aberdeen,BayesB,0.299150253977721,0.125934106336539,0.149750959893005,0.0129642550788612
rice,FT_ratio_of_Faridpur_Aberdeen,BayesC,0.297056571845508,0.123839251722856,0.149955406599218,0.0129099502210689
rice,FT_ratio_of_Faridpur_Aberdeen,GBLUP,0.294445042898192,0.124149367757805,0.149939193496653,0.0128230726813179
rice,FT_ratio_of_Faridpur_Aberdeen,LightGBM,0.313078610057227,0.110567296483549,0.149500826452679,0.0126188765289737
rice,FT_ratio_of_Faridpur_Aberdeen,RF,0.358922171792907,0.124146004141097,0.146278305479742,0.0125737951526924
rice,FT_ratio_of_Faridpur_Aberdeen,RKHS,0.279436511846461,0.129081461644837,0.150901199215474,0.0128745784755842
rice,FT_ratio_of_Faridpur_Aberdeen,XGBoost,0.366108869235116,0.111945949494236,0.146060844887432,0.0119954620503976
rice,Flag_leaf_length,BL,0.348792426556714,0.0899865713627587,5.37194866666232,0.428439587641361
rice,Flag_leaf_length,BRR,0.344410776082218,0.0883873982772363,5.39307320636131,0.429682380208611
rice,Flag_leaf_length,BayesA,0.353646022142328,0.0890839230863437,5.36986142916114,0.429121253968978
rice,Flag_leaf_length,BayesB,0.353350144664562,0.088155479051707,5.37312900773405,0.424396748335694
rice,Flag_leaf_length,BayesC,0.345817755253173,0.0859527745249576,5.39122694993935,0.433801240671297
rice,Flag_leaf_length,GBLUP,0.346389103664014,0.0875475842398605,5.38761709982959,0.435900674841955
rice,Flag_leaf_length,LightGBM,0.371138427801425,0.0942728587651846,5.36703813421155,0.372414627918016
rice,Flag_leaf_length,RF,0.390446725098957,0.0830948414174018,5.2893800567755,0.452904364759998
rice,Flag_leaf_length,RKHS,0.322230341753804,0.0917045024437735,5.44602521586846,0.444514949914391
rice,Flag_leaf_length,XGBoost,0.402549251775615,0.0790937478736039,5.25191846702049,0.42421998154566
rice,Flag_leaf_width,BL,0.663094861099667,0.0433941136023781,0.189233150762556,0.0165389719103513
rice,Flag_leaf_width,BRR,0.664860937384286,0.0444724190385925,0.187885458003482,0.0168259733419518
rice,Flag_leaf_width,BayesA,0.66448474403233,0.0436378604655353,0.187679885476248,0.0165733407402543
rice,Flag_leaf_width,BayesB,0.667470568483904,0.0455614757865156,0.186959562990469,0.0169956165406454
rice,Flag_leaf_width,BayesC,0.666330208799789,0.0448501671099777,0.187346219096034,0.0170333083590175
rice,Flag_leaf_width,GBLUP,0.66458094897912,0.0440863271703039,0.187808882080953,0.0165882038655887
rice,Flag_leaf_width,LightGBM,0.711653802524874,0.039087296917954,0.176015394921507,0.0138217109459756
rice,Flag_leaf_width,RF,0.727358708594945,0.0325919961573599,0.173361874036943,0.0134818270518212
rice,Flag_leaf_width,RKHS,0.664018001422207,0.0441027241965894,0.18878682410196,0.0167304416116283
rice,Flag_leaf_width,XGBoost,0.713364061450353,0.0399824813702037,0.175277202403537,0.0138856451273037
rice,Florets_per_panicle,BL,0.407993943549434,0.0818175756259666,0.299853811759256,0.027751224615885
rice,Florets_per_panicle,BRR,0.421809919992114,0.07990183488438,0.297365003860071,0.0284303999091607
rice,Florets_per_panicle,BayesA,0.428053054784209,0.0784867931411933,0.29634027751057,0.0285018138483414
rice,Florets_per_panicle,BayesB,0.430548991435711,0.0821641498919311,0.296121424598041,0.0290118930357031
rice,Florets_per_panicle,BayesC,0.422685541540351,0.0828388313237952,0.297241653787583,0.0284461933815397
rice,Florets_per_panicle,GBLUP,0.423381275245813,0.0798901623404393,0.297275809505275,0.0284905725399549
rice,Florets_per_panicle,LightGBM,0.532495283013272,0.0765821907859897,0.279641134225517,0.0291279664799235
rice,Florets_per_panicle,RF,0.532088309261668,0.0789402471913437,0.2785094524272,0.0289490377671175
rice,Florets_per_panicle,RKHS,0.39256135418782,0.0885260921142048,0.302298048600737,0.0292459576951483
rice,Florets_per_panicle,XGBoost,0.530233914461609,0.0832536989719149,0.278026188394833,0.0291424129606426
rice,Flowering_time_at_Aberdeen,BL,0.284585396957386,0.0996572001865245,37.0461403016482,4.65114212085218
rice,Flowering_time_at_Aberdeen,BRR,0.268539432443849,0.09789044518231,37.2160174920242,4.6398788808437
rice,Flowering_time_at_Aberdeen,BayesA,0.295144895841698,0.0896047717713627,37.0089681022274,4.64864837877617
rice,Flowering_time_at_Aberdeen,BayesB,0.290579816922587,0.0947651863117105,36.997161819634,4.55022492244694
rice,Flowering_time_at_Aberdeen,BayesC,0.272375221330538,0.0943157488710592,37.1797843943397,4.61613573371005
rice,Flowering_time_at_Aberdeen,GBLUP,0.270613678518291,0.0956362317294909,37.1930021396072,4.62584724316079
rice,Flowering_time_at_Aberdeen,LightGBM,0.431675319068524,0.108280045267022,34.8001223855138,4.74156406154731
rice,Flowering_time_at_Aberdeen,RF,0.413372220553611,0.126544265541969,35.3087938545996,4.44924173763978
rice,Flowering_time_at_Aberdeen,RKHS,0.222886667476122,0.112104027240352,37.7324488314596,4.64304024345346
rice,Flowering_time_at_Aberdeen,XGBoost,0.435559777191638,0.115669796336726,34.7639980807835,4.87859025649251
rice,Flowering_time_at_Arkansas,BL,0.473036779350958,0.0944054496473189,11.2556449685227,1.0193625461698
rice,Flowering_time_at_Arkansas,BRR,0.472674461352985,0.0961878100733614,11.2720988235485,1.01807586329906
rice,Flowering_time_at_Arkansas,BayesA,0.474526274907545,0.0937897172482664,11.2585187572531,1.01284829811824
rice,Flowering_time_at_Arkansas,BayesB,0.477200411832846,0.0933449983138169,11.2446574556636,0.996752080355732
rice,Flowering_time_at_Arkansas,BayesC,0.472137383851213,0.0934200959418097,11.2788298334286,1.00792562479316
rice,Flowering_time_at_Arkansas,GBLUP,0.472207785563784,0.0951865413267637,11.2784053748359,1.0107779076005
rice,Flowering_time_at_Arkansas,LightGBM,0.570111508312468,0.084940233439032,10.4482180471246,1.06286793340864
rice,Flowering_time_at_Arkansas,RF,0.551751393293483,0.10300017229085,10.6203078849254,1.1819724583787
rice,Flowering_time_at_Arkansas,RKHS,0.457618365695216,0.101914793559255,11.3772666311585,1.06499165272211
rice,Flowering_time_at_Arkansas,XGBoost,0.5608036306488,0.0913430382422716,10.5478074927388,0.998326704225902
rice,Flowering_time_at_Faridpur,BL,0.379923573335716,0.110587814737786,7.91698674362115,1.06073258741051
rice,Flowering_time_at_Faridpur,BRR,0.387893311066833,0.105726315671403,7.87893073082821,1.05973535143171
rice,Flowering_time_at_Faridpur,BayesA,0.385721858938777,0.105493286866138,7.87661093792498,1.07011694759507
rice,Flowering_time_at_Faridpur,BayesB,0.386212773532302,0.106691448646063,7.88988586674204,1.05861392121911
rice,Flowering_time_at_Faridpur,BayesC,0.386842728944605,0.104977739790998,7.8802431846447,1.06405151666607
rice,Flowering_time_at_Faridpur,GBLUP,0.38420263278876,0.106218126126732,7.89491873201976,1.06075504784352
rice,Flowering_time_at_Faridpur,LightGBM,0.44230550028567,0.102729899080192,7.68367889119775,1.03837571260327
rice,Flowering_time_at_Faridpur,RF,0.423454049906533,0.108028964100981,7.73761064280206,1.06797990120189
rice,Flowering_time_at_Faridpur,RKHS,0.370998789969902,0.103487146664681,7.96287828150351,1.05777065175964
rice,Flowering_time_at_Faridpur,XGBoost,0.441340528921992,0.0992549839134787,7.68141430428899,1.00532778734435
rice,Leaf_pubescence,BL,0.456535013510105,0.149902201572124,0.312060168777512,0.0449973835090713
rice,Leaf_pubescence,BRR,0.457521786758679,0.150902156092278,0.310666614941524,0.0448393264141985
rice,Leaf_pubescence,BayesA,0.460406622315772,0.151761960358234,0.309637173452426,0.0454837021403091
rice,Leaf_pubescence,BayesB,0.457381679705171,0.154626874687658,0.309842412363561,0.0473196948950075
rice,Leaf_pubescence,BayesC,0.460080535420329,0.150206411359111,0.310397881881087,0.0449503529300542
rice,Leaf_pubescence,GBLUP,0.458303961448412,0.151070452875463,0.310947323363222,0.0454990204076751
rice,Leaf_pubescence,LightGBM,0.503944540992498,0.160690096934265,0.299280535707513,0.0496701144308762
rice,Leaf_pubescence,RF,0.543812989861473,0.172936714964792,0.291303868065005,0.0476768153562267
rice,Leaf_pubescence,RKHS,0.430843148276353,0.151492284573632,0.316994163767026,0.0461555516813577
rice,Leaf_pubescence,XGBoost,0.541304904902861,0.156691438235612,0.290513563460958,0.0518559875924231
rice,Panicle_fertility,BL,0.370195141317816,0.0829336263330918,0.0967679004137985,0.0155022869226858
rice,Panicle_fertility,BRR,0.373487560670579,0.07864792796702,0.0965278418076707,0.0152638235660458
rice,Panicle_fertility,BayesA,0.373776540824723,0.0789892935948551,0.0966547242318143,0.0150841519588237
rice,Panicle_fertility,BayesB,0.375158981500931,0.0781822632848729,0.0964823665454494,0.015137789901789
rice,Panicle_fertility,BayesC,0.373828888249021,0.0776368335944055,0.096551091404163,0.01517986553894
rice,Panicle_fertility,GBLUP,0.372382381159074,0.0786389395553502,0.0965965221521073,0.0151906826727044
rice,Panicle_fertility,LightGBM,0.434816643014511,0.07156599459689,0.0940877112677421,0.0152784478409984
rice,Panicle_fertility,RF,0.499301095510501,0.0595523631037466,0.0909301235952326,0.0148769005048445
rice,Panicle_fertility,RKHS,0.34866017964457,0.0810094755778725,0.0975885415665033,0.0155015460691167
rice,Panicle_fertility,XGBoost,0.459764084462359,0.0746327169925894,0.0928147956387882,0.014911943260767
rice,Panicle_length,BL,0.529582530378817,0.0834788371254167,2.97176064708107,0.219455228400914
rice,Panicle_length,BRR,0.52980283592353,0.0816048347236982,2.97016262603915,0.21650731379967
rice,Panicle_length,BayesA,0.531025206848539,0.0801959207997314,2.97150438769529,0.213760676317761
rice,Panicle_length,BayesB,0.533084788911028,0.0815337389566464,2.96548099081851,0.216385973179379
rice,Panicle_length,BayesC,0.531880595287948,0.0805943676357514,2.96857787443706,0.215711518934142
rice,Panicle_length,GBLUP,0.532060349819713,0.0804683183130528,2.96785356722558,0.214511038831455
rice,Panicle_length,LightGBM,0.565915307534457,0.0803802445850138,2.89351805164863,0.216705206065855
rice,Panicle_length,RF,0.57007080069459,0.0813155569441849,2.88327151946267,0.224415186729082
rice,Panicle_length,RKHS,0.51507280858446,0.0853064547779495,3.00826447924619,0.214453719361144
rice,Panicle_length,XGBoost,0.58989209885099,0.0735761377821649,2.8351158617247,0.23479307100854
rice,Panicle_number_per_plant,BL,0.755222912691155,0.0448380439491863,0.270492947099871,0.0166922156605041
rice,Panicle_number_per_plant,BRR,0.756032273900684,0.0443398297237828,0.269542817525413,0.0168296981488667
rice,Panicle_number_per_plant,BayesA,0.756785544684029,0.044934215641452,0.268922781238948,0.0171512229803636
rice,Panicle_number_per_plant,BayesB,0.758418976920992,0.0438768566320189,0.268140710357292,0.0170135877068602
rice,Panicle_number_per_plant,BayesC,0.755845084369135,0.0451591481435105,0.269441613534086,0.0172026242822366
rice,Panicle_number_per_plant,GBLUP,0.755770309780552,0.0447972480991106,0.269518482370741,0.017021170487145
rice,Panicle_number_per_plant,LightGBM,0.782864367858076,0.0381849153901325,0.255501057965921,0.015117854661787
rice,Panicle_number_per_plant,RF,0.794388941857578,0.0369523268729378,0.250391118064002,0.0144124307522313
rice,Panicle_number_per_plant,RKHS,0.753618445035496,0.0463653904210877,0.271006033870152,0.0171130013134507
rice,Panicle_number_per_plant,XGBoost,0.785217520791303,0.0401861750103571,0.254368443418948,0.0180015072591772
rice,Pericarp_color,BL,0.479702695887701,0.137664214851962,0.25034804513849,0.0336420394439784
rice,Pericarp_color,BRR,0.477586295544829,0.143442948852282,0.250683633803385,0.0340115599987245
rice,Pericarp_color,BayesA,0.460868649988671,0.148130818012779,0.253947887380056,0.037047309976138
rice,Pericarp_color,BayesB,0.443595880567202,0.148536232844842,0.256991377542738,0.0390879184509799
rice,Pericarp_color,BayesC,0.477460394830498,0.143018643914924,0.250543627087184,0.0340407058200241
rice,Pericarp_color,GBLUP,0.477311821748464,0.142853197291387,0.250560280570674,0.0342667581883529
rice,Pericarp_color,LightGBM,0.567917642927629,0.132593886885845,0.234215693885659,0.0375637967197262
rice,Pericarp_color,RF,0.575350852166648,0.13944847633585,0.234209826684833,0.0353392893900678
rice,Pericarp_color,RKHS,0.481857418023801,0.137930098832981,0.250159927703833,0.0344471949067663
rice,Pericarp_color,XGBoost,0.531271850212707,0.137874067799882,0.241972282474039,0.03766448262815
rice,Plant_height,BL,0.621886811009866,0.0476977480449076,16.5005549820522,1.7497912767504
rice,Plant_height,BRR,0.625099443921175,0.0466209511834923,16.4420032125191,1.72224407001539
rice,Plant_height,BayesA,0.638357494308441,0.0445493663411658,16.2283407816738,1.59136544541596
rice,Plant_height,BayesB,0.642897156673747,0.0503237371162477,16.131568435892,1.68521561570283
rice,Plant_height,BayesC,0.626646032688699,0.0472417880862491,16.4289116656065,1.72514859645798
rice,Plant_height,GBLUP,0.626462683168797,0.0472717002794604,16.4203110533272,1.71514479780196
rice,Plant_height,LightGBM,0.657950648467269,0.0631483195778073,15.7983717454384,1.77063327798975
rice,Plant_height,RF,0.674890215490486,0.0667050174314138,15.5784643074407,1.73937613964389
rice,Plant_height,RKHS,0.604573657914975,0.04617218191692,16.8005233989964,1.72781351139145
rice,Plant_height,XGBoost,0.664242720816576,0.0613407470763494,15.6791158079773,1.71541714804116
rice,Primary_panicle_branch_number,BL,0.463254416966515,0.103398279915732,1.58191808510253,0.141795475256982
rice,Primary_panicle_branch_number,BRR,0.463250287268523,0.102899821743811,1.58123624428404,0.141729458648216
rice,Primary_panicle_branch_number,BayesA,0.463098459221582,0.103644326399601,1.57881106172817,0.136973715925498
rice,Primary_panicle_branch_number,BayesB,0.469767155955937,0.102779567051203,1.57303369185071,0.139172498073179
rice,Primary_panicle_branch_number,BayesC,0.464426889385393,0.103375562641208,1.57918916749239,0.139309177170111
rice,Primary_panicle_branch_number,GBLUP,0.462681826318503,0.103073658341486,1.58044092888792,0.140398830734299
rice,Primary_panicle_branch_number,LightGBM,0.552506653307902,0.101130191366223,1.48290450755438,0.134509559460245
rice,Primary_panicle_branch_number,RF,0.541331497924905,0.0979445197749646,1.49913046201173,0.125797315940137
rice,Primary_panicle_branch_number,RKHS,0.451443033702795,0.104120361050137,1.59562509652998,0.144705239908168
rice,Primary_panicle_branch_number,XGBoost,0.543642204687362,0.0984675665021526,1.49283654944168,0.135833010530083
rice,Protein_content,BL,0.384138275458395,0.111259455935313,0.87982810863466,0.136764995939785
rice,Protein_content,BRR,0.390741295914266,0.109441613322076,0.877049929680201,0.13268010633262
rice,Protein_content,BayesA,0.405839770661454,0.108811633220873,0.869588195237611,0.129361021070125
rice,Protein_content,BayesB,0.407828398133493,0.105207400252381,0.872154646392474,0.132798713257832
rice,Protein_content,BayesC,0.394817426690896,0.104014149616032,0.877260383351725,0.13195344996721
rice,Protein_content,GBLUP,0.393854336516633,0.10513700698781,0.876771644737782,0.132848676819111
rice,Protein_content,LightGBM,0.482930896676695,0.0960543413765162,0.835571361497754,0.130485748311203
rice,Protein_content,RF,0.451799190940767,0.0943983772824181,0.850360049430509,0.136857027555578
rice,Protein_content,RKHS,0.354087141463948,0.103691944107036,0.891861059424772,0.136648886783075
rice,Protein_content,XGBoost,0.466914941543488,0.10011450422844,0.842753537497437,0.133018508759105
rice,Seed_color,BL,NA,NA,0.125818374534642,0.0658370164427051
rice,Seed_color,BRR,NA,NA,0.126288653617749,0.0654503317783567
rice,Seed_color,BayesA,NA,NA,0.128882370884816,0.0625400678376474
rice,Seed_color,BayesB,NA,NA,0.128097145907311,0.0646791279385263
rice,Seed_color,BayesC,NA,NA,0.126251178258725,0.0658454747328173
rice,Seed_color,GBLUP,NA,NA,0.126780718583545,0.0651948955089945
rice,Seed_color,LightGBM,NA,NA,0.122589175692002,0.0723507177798061
rice,Seed_color,RF,NA,NA,0.123960129957232,0.0688387506178867
rice,Seed_color,RKHS,NA,NA,0.125009200533695,0.0679221417185287
rice,Seed_color,XGBoost,NA,NA,0.12314355523595,0.0719350633782672
rice,Seed_length,BL,0.472022663622011,0.0892210118776897,0.846776604453165,0.0737085984937963
rice,Seed_length,BRR,0.479868556699716,0.0885101923288343,0.843276387341032,0.0733739599231357
rice,Seed_length,BayesA,0.483867929467709,0.0895134326323175,0.841407510861804,0.0762404679761461
rice,Seed_length,BayesB,0.48779187726696,0.0895674688669109,0.837432793021743,0.078692553246165
rice,Seed_length,BayesC,0.481803979899828,0.0889058819207772,0.842510548128481,0.076516066351874
rice,Seed_length,GBLUP,0.480337802711795,0.0890386730812594,0.843089909017657,0.0763944921225355
rice,Seed_length,LightGBM,0.560023316523303,0.0564530170157132,0.797817042852132,0.0752472943156957
rice,Seed_length,RF,0.553188389716427,0.063696452792049,0.800777162808231,0.0793112430141027
rice,Seed_length,RKHS,0.452230266858454,0.093585926092022,0.857512452677122,0.0759067557057166
rice,Seed_length,XGBoost,0.56710127968121,0.058386035713388,0.791427640488578,0.0729619733410971
rice,Seed_length_width_ratio,BL,0.614517839868864,0.074939004618371,0.43314873406717,0.0405160208626848
rice,Seed_length_width_ratio,BRR,0.615509825830778,0.0760821081353366,0.430625381990906,0.0401374936752481
rice,Seed_length_width_ratio,BayesA,0.617748888026007,0.0754075733757124,0.429397623409076,0.0406820508035306
rice,Seed_length_width_ratio,BayesB,0.619727096528544,0.0741348566190644,0.428461769365811,0.0420536181836625
rice,Seed_length_width_ratio,BayesC,0.615701498949307,0.0768411677588555,0.430411503588235,0.0407092461341526
rice,Seed_length_width_ratio,GBLUP,0.615279024220918,0.0752997485624971,0.430502500014635,0.0404017345864104
rice,Seed_length_width_ratio,LightGBM,0.664248173223313,0.0625169610178107,0.411043376543129,0.040333849778599
rice,Seed_length_width_ratio,RF,0.641496408980337,0.0579906992961787,0.421353113352943,0.0372259905646045
rice,Seed_length_width_ratio,RKHS,0.592303794956122,0.0806079526507466,0.440580322221247,0.0387768456855552
rice,Seed_length_width_ratio,XGBoost,0.655266119942011,0.0615468180631924,0.412357044699716,0.0386728796429773
rice,Seed_number_per_panicle,BL,0.333483500537079,0.0961015397175326,0.316587370474109,0.0330891303107825
rice,Seed_number_per_panicle,BRR,0.343778961409149,0.0970225506914709,0.315473406675113,0.0328866248247332
rice,Seed_number_per_panicle,BayesA,0.357694986154792,0.0981859596990391,0.313284810415513,0.0317892197228327
rice,Seed_number_per_panicle,BayesB,0.359140219110089,0.0943816860396773,0.312995431142997,0.0328269498183699
rice,Seed_number_per_panicle,BayesC,0.347182537106069,0.0955527967519525,0.315077607111874,0.0329151633424714
rice,Seed_number_per_panicle,GBLUP,0.345558140803913,0.09382288303914,0.315049700104433,0.0332838299981881
rice,Seed_number_per_panicle,LightGBM,0.442744320121108,0.105176819980482,0.300541271202287,0.0278219785473241
rice,Seed_number_per_panicle,RF,0.448188676743061,0.099714747940801,0.299538482370805,0.028675521172014
rice,Seed_number_per_panicle,RKHS,0.307283395472721,0.0948203971592488,0.319885312858914,0.0336871367014918
rice,Seed_number_per_panicle,XGBoost,0.462257468661604,0.102901751697548,0.297270501087679,0.028365069654648
rice,Seed_surface_area,BL,0.519466006214473,0.0770056714146151,0.125584422388952,0.0112895920113305
rice,Seed_surface_area,BRR,0.522450609363917,0.0733919037804173,0.125087156428514,0.0111749620959835
rice,Seed_surface_area,BayesA,0.533555249601131,0.0724804420822281,0.124196233948599,0.0115842663234678
rice,Seed_surface_area,BayesB,0.543475018028763,0.0707260687624162,0.123352987009895,0.0112199130345978
rice,Seed_surface_area,BayesC,0.527401453903019,0.0721433616724994,0.124610043770224,0.011300367434108
rice,Seed_surface_area,GBLUP,0.525447479559218,0.0728976157351452,0.124782638877266,0.011286804682982
rice,Seed_surface_area,LightGBM,0.647938729636593,0.0750096237673914,0.111578792538928,0.0117232195884236
rice,Seed_surface_area,RF,0.617055623710655,0.0814017952264083,0.11523654408922,0.0117852998281139
rice,Seed_surface_area,RKHS,0.504184112168911,0.0788276180960077,0.126657992586012,0.0112561233104217
rice,Seed_surface_area,XGBoost,0.647288467297667,0.0789448277194558,0.11231208768047,0.0112385142381716
rice,Seed_volume,BL,0.606314310877038,0.0599575799643756,0.192790871446666,0.0164001031226527
rice,Seed_volume,BRR,0.614689053570481,0.0616017407259055,0.190920680434603,0.0176499430870187
rice,Seed_volume,BayesA,0.619498019371121,0.0612288698357729,0.189948878364594,0.0179386543370105
rice,Seed_volume,BayesB,0.624247724465269,0.0633567576631108,0.189107664696834,0.0182385170900792
rice,Seed_volume,BayesC,0.616073773338757,0.0623904547403783,0.190636723793562,0.0180662116525824
rice,Seed_volume,GBLUP,0.616602915547049,0.0624078992745051,0.190551205067518,0.017955576133701
rice,Seed_volume,LightGBM,0.68928792233376,0.0612752032520447,0.174943323005243,0.0175855395241124
rice,Seed_volume,RF,0.677935516635372,0.0703944809956281,0.177792610004431,0.0182033654009111
rice,Seed_volume,RKHS,0.598623194296566,0.064039529911518,0.193981039986196,0.0171944011700848
rice,Seed_volume,XGBoost,0.665319401738857,0.0717715637245385,0.180393748779206,0.0177698354420332
rice,Seed_width,BL,0.673759974950012,0.0589557607397362,0.286974432163276,0.0229293478127583
rice,Seed_width,BRR,0.676998878118947,0.059424256015222,0.285007516768294,0.0243250929229993
rice,Seed_width,BayesA,0.678355638860665,0.0586697430176293,0.284678063669872,0.0243926899603487
rice,Seed_width,BayesB,0.678715757521392,0.0588573636187223,0.284379887108056,0.0246418968386356
rice,Seed_width,BayesC,0.678077335510307,0.0577125581945572,0.284739231190005,0.0238745302656034
rice,Seed_width,GBLUP,0.678041156292716,0.058743021004893,0.284681382266869,0.024149638432742
rice,Seed_width,LightGBM,0.717487078920338,0.0540054387712294,0.269554250030048,0.0239254887660218
rice,Seed_width,RF,0.706787619721859,0.0566217516263922,0.274161153763545,0.0237043619647487
rice,Seed_width,RKHS,0.664050554732908,0.0579283383114452,0.290147778752241,0.0224191028129363
rice,Seed_width,XGBoost,0.726238628609004,0.0488453314261584,0.266212380132683,0.0234263984899321
rice,Straighthead_suseptability,BL,0.603374328970227,0.0710477355934787,1.13172975339993,0.120159743302136
rice,Straighthead_suseptability,BRR,0.607292874788322,0.0706134183068121,1.12648731809721,0.119227598166837
rice,Straighthead_suseptability,BayesA,0.609684716967834,0.0712451838025188,1.12305098320822,0.116627203169353
rice,Straighthead_suseptability,BayesB,0.613436200701578,0.069556046103237,1.1188604435528,0.116361218350107
rice,Straighthead_suseptability,BayesC,0.60816200393531,0.071196933520944,1.12564266020694,0.119194746966072
rice,Straighthead_suseptability,GBLUP,0.608645008480843,0.0704641139563781,1.12467719401601,0.119200394178064
rice,Straighthead_suseptability,LightGBM,0.610257882797468,0.0807964459249844,1.12459033980054,0.119846915324433
rice,Straighthead_suseptability,RF,0.637758474858222,0.0735653214607635,1.09559262078109,0.108757072819943
rice,Straighthead_suseptability,RKHS,0.589011687585469,0.0721372364023609,1.14725947057955,0.119039002254122
rice,Straighthead_suseptability,XGBoost,0.644545275266441,0.0779489196942789,1.08005516802056,0.113271389982281
rice,Year06Flowering_time_at_Arkansas,BL,0.4964683610574,0.0710927408980348,10.3512323888079,0.568000506802987
rice,Year06Flowering_time_at_Arkansas,BRR,0.496423283247788,0.0713682355909794,10.3780623663351,0.57294630702673
rice,Year06Flowering_time_at_Arkansas,BayesA,0.500946293078073,0.0720559441077576,10.3299252829319,0.542268828347636
rice,Year06Flowering_time_at_Arkansas,BayesB,0.500724506003617,0.0694847066742078,10.3386245705433,0.568132283221166
rice,Year06Flowering_time_at_Arkansas,BayesC,0.498784497469401,0.0726130622043453,10.3610150026444,0.57174242814922
rice,Year06Flowering_time_at_Arkansas,GBLUP,0.497943077987785,0.0716178382261692,10.3624178546041,0.562991275535471
rice,Year06Flowering_time_at_Arkansas,LightGBM,0.569482928537034,0.0570640686621815,9.83289566853321,0.610161606823299
rice,Year06Flowering_time_at_Arkansas,RF,0.574508175849815,0.0714819148031016,9.79796205911575,0.629639085081925
rice,Year06Flowering_time_at_Arkansas,RKHS,0.480862918067171,0.0727945713003052,10.5094204457515,0.640178934735694
rice,Year06Flowering_time_at_Arkansas,XGBoost,0.616414653950672,0.0683956630304839,9.4281586863045,0.637742090397349
rice,Year07Flowering_time_at_Arkansas,BL,0.46088420292789,0.111402058564646,13.1622205997172,1.55344382305248
rice,Year07Flowering_time_at_Arkansas,BRR,0.46294933711027,0.110911340123249,13.1367406120843,1.5182901680632
rice,Year07Flowering_time_at_Arkansas,BayesA,0.464996439705076,0.111458472638593,13.1162830086897,1.52664542446752
rice,Year07Flowering_time_at_Arkansas,BayesB,0.466166893080704,0.109797670360785,13.1172544954034,1.52723755316331
rice,Year07Flowering_time_at_Arkansas,BayesC,0.464045498519719,0.11149984220443,13.1287856312105,1.53883025970203
rice,Year07Flowering_time_at_Arkansas,GBLUP,0.463808652408319,0.111476839821632,13.1275782840918,1.51430721605853
rice,Year07Flowering_time_at_Arkansas,LightGBM,0.541805260014196,0.0985487725736988,12.4237431894232,1.5429980325959
rice,Year07Flowering_time_at_Arkansas,RF,0.541659477537388,0.105574453401087,12.4428607284464,1.55989659497986
rice,Year07Flowering_time_at_Arkansas,RKHS,0.452714766383865,0.108475196247369,13.2318815398021,1.50676710809662
rice,Year07Flowering_time_at_Arkansas,XGBoost,0.566424205379214,0.0946983010732567,12.1754819554705,1.52695615189753
soybean,C13,BL,0.412574719005945,0.0878810524025325,0.249392440717734,0.0210324556250425
soybean,C13,BRR,0.413969486181954,0.0869091934815066,0.248839563203885,0.0209454682160496
soybean,C13,BayesA,0.412733019816283,0.0857014797622071,0.249043120042904,0.0208916160041959
soybean,C13,BayesB,0.412782305701138,0.0862929067177168,0.249009819366655,0.0208621962908517
soybean,C13,BayesC,0.413123406238828,0.0862420251099486,0.248746941277221,0.0210317381141965
soybean,C13,GBLUP,0.414658444266041,0.0884095880375717,0.248708559098122,0.0210521294647629
soybean,C13,LightGBM,0.395094016422864,0.083105301600893,0.250630861702173,0.020919883038076
soybean,C13,RF,0.384755484072055,0.0897007773992691,0.252029465895986,0.0208797170539123
soybean,C13,RKHS,0.409222374231614,0.0871330529212627,0.249427237366365,0.0213959432025559
soybean,C13,XGBoost,0.388593282767459,0.0734137765084711,0.251558712139277,0.0208016239135709
soybean,Wilt,BL,0.456444420873929,0.0855627822973432,5.72140683633423,0.659547991560957
soybean,Wilt,BRR,0.457567426797041,0.0857210231066256,5.72908371055702,0.646938445182017
soybean,Wilt,BayesA,0.457177124315644,0.08893908231523,5.72740204120871,0.638899734604396
soybean,Wilt,BayesB,0.458703313520151,0.08662115869622,5.72374616032195,0.638468504144008
soybean,Wilt,BayesC,0.45769713627932,0.0879873083221526,5.72534535709603,0.646412660574839
soybean,Wilt,GBLUP,0.458435402688102,0.0881624632228515,5.72568327685396,0.63650135633472
soybean,Wilt,LightGBM,0.4201313201571,0.100881072992001,5.85218741313763,0.687912541990146
soybean,Wilt,RF,0.407848104575098,0.0882992905270524,5.87704084911976,0.725766208688541
soybean,Wilt,RKHS,0.454100251717733,0.086194067402856,5.73285994278559,0.657127416320677
soybean,Wilt,XGBoost,0.419497639170606,0.0993105696008076,5.85532965298558,0.664426667856187
wheatG,DTR,BL,0.471484204393294,0.0681116207901664,1.90814828129954,0.177873005906721
wheatG,DTR,BRR,0.469321437459545,0.0692663204750349,1.90993417987677,0.178150462520191
wheatG,DTR,BayesA,0.471526813810591,0.0680834826161993,1.9067440572551,0.175196343812074
wheatG,DTR,BayesB,0.470551905032601,0.0684648150461531,1.91017555301986,0.175151505824207
wheatG,DTR,BayesC,0.470113209868074,0.06831143405586,1.90961468101988,0.179510312912486
wheatG,DTR,GBLUP,0.469576438652433,0.0691859256728076,1.91022479462484,0.177330345523124
wheatG,DTR,LightGBM,0.45704224910841,0.0759729807248144,1.92601988738088,0.194219803723393
wheatG,DTR,RF,0.470847705984559,0.0687478643478655,1.92287355125605,0.176782722087968
wheatG,DTR,RKHS,0.476859641384102,0.0677651269733965,1.90291330912319,0.180748107836976
wheatG,DTR,XGBoost,0.476138508526365,0.0726640506160587,1.90267546636777,0.181389400160584
wheatG,EW,BL,0.384755325608592,0.094520118782018,2.90893356668203,0.168909049065451
wheatG,EW,BRR,0.387832691398413,0.0907950689075979,2.90520174062079,0.169274512589536
wheatG,EW,BayesA,0.388825775354748,0.0914739839533602,2.90756456725972,0.173523904407178
wheatG,EW,BayesB,0.388137912804146,0.0930132773700512,2.90598088203369,0.171585755345898
wheatG,EW,BayesC,0.387571221499725,0.0926442410884916,2.9042572093786,0.172614329600156
wheatG,EW,GBLUP,0.386890986195051,0.0924593939833048,2.906048131903,0.170904478733733
wheatG,EW,LightGBM,0.375582043468077,0.0868728027670459,2.91283212036979,0.157133926891936
wheatG,EW,RF,0.359623449378196,0.101842799925371,2.93951171675452,0.152819606397978
wheatG,EW,RKHS,0.384712083297827,0.0942352143214942,2.90977688702276,0.163726401488001
wheatG,EW,XGBoost,0.360017537268198,0.0864436409633974,2.9311772623498,0.164749788753294
wheatG,FHB,BL,0.721463249022902,0.0562738660163995,4.68152980722581,0.589101395583166
wheatG,FHB,BRR,0.721426871924731,0.0547327396927254,4.67597996682652,0.582219066887517
wheatG,FHB,BayesA,0.721432912084375,0.0540016083949119,4.67484542067124,0.582622683244195
wheatG,FHB,BayesB,0.721541927863378,0.0543914825308029,4.67375885073853,0.584677440584157
wheatG,FHB,BayesC,0.72139369544806,0.0545883196126001,4.67552584962659,0.58229702520196
wheatG,FHB,GBLUP,0.720991484298689,0.0549733689095084,4.67829585199945,0.587650431445383
wheatG,FHB,LightGBM,0.722509942534915,0.0588219684351545,4.66851879340065,0.635376204122459
wheatG,FHB,RF,0.705499974219685,0.0610206088884564,4.85574413505679,0.613942373984129
wheatG,FHB,RKHS,0.730135903958637,0.0552667012617143,4.61677187096871,0.60126824022857
wheatG,FHB,XGBoost,0.713131421199751,0.06024983702304,4.72013530464185,0.622405954896215
wheatG,GH,BL,0.595096190447974,0.0803260005242335,3.04521017914345,0.329866259169054
wheatG,GH,BRR,0.595547358247764,0.0792828598956359,3.04092343580159,0.326898042461385
wheatG,GH,BayesA,0.642642763296683,0.0648424139129489,2.90230284112741,0.304814140656291
wheatG,GH,BayesB,0.647354393909224,0.0624741044046772,2.88581340032029,0.289635155029989
wheatG,GH,BayesC,0.597431304685859,0.0792191722197054,3.03675425702232,0.324266547679293
wheatG,GH,GBLUP,0.595412988894137,0.0802762784045189,3.04093785543707,0.32383860624211
wheatG,GH,LightGBM,0.658503273160802,0.0691347900746416,2.85387628831904,0.276291880261616
wheatG,GH,RF,0.598806508777507,0.0847496410723812,3.0747604293332,0.285814080126883
wheatG,GH,RKHS,0.603111924904009,0.081869177605489,3.02008607662439,0.322941705706539
wheatG,GH,XGBoost,0.662726133830583,0.0666427651069596,2.83840893923006,0.27301040581651
wheatG,GPE,BL,0.385861545052438,0.0963216724438884,5.87395821757089,0.39513155693695
wheatG,GPE,BRR,0.38381903351682,0.096267916536147,5.87935989479661,0.398919302111816
wheatG,GPE,BayesA,0.38312945116345,0.0951020360532128,5.88161916598749,0.40503414980599
wheatG,GPE,BayesB,0.38617884838054,0.0948838680883737,5.88007506294555,0.399269232172081
wheatG,GPE,BayesC,0.383160716348391,0.0956511105359624,5.88131351544017,0.39749531294323
wheatG,GPE,GBLUP,0.384227251039598,0.0950843663629615,5.87807134047316,0.399458223425647
wheatG,GPE,LightGBM,0.376044464374869,0.10286701479189,5.91295154971197,0.434616728056321
wheatG,GPE,RF,0.356327172357845,0.10977638045083,5.94047394011934,0.407936536194267
wheatG,GPE,RKHS,0.387850447108351,0.0951531582556032,5.86879423838443,0.401026181948793
wheatG,GPE,XGBoost,0.361002010661695,0.0889688202220131,5.9322728634747,0.440995330575413
wheatG,GY,BL,0.653666746333476,0.046268885870263,3.84433731256089,0.266354066587324
wheatG,GY,BRR,0.654567057425032,0.0460585891871152,3.8388910254836,0.254760967328938
wheatG,GY,BayesA,0.654326703353135,0.0456537396177352,3.83865536470667,0.257854087809173
wheatG,GY,BayesB,0.653582546533048,0.045462523815294,3.84153328559926,0.255824071986182
wheatG,GY,BayesC,0.654393336753357,0.0455717867754161,3.83942280512997,0.249991349765248
wheatG,GY,GBLUP,0.654811786198191,0.0463014563364587,3.83779414287997,0.249813505856725
wheatG,GY,LightGBM,0.635698193939597,0.0507216459719055,3.90995556202348,0.316755702900367
wheatG,GY,RF,0.62727585297617,0.0485544339351211,3.98430431529823,0.355129078852104
wheatG,GY,RKHS,0.655484268602065,0.0461238552193335,3.83964301438702,0.277234816733668
wheatG,GY,XGBoost,0.64301181483658,0.0511710211940118,3.87855138540348,0.288541895171069
wheatG,HAG,BL,0.500819657093751,0.0658675579530222,43.6680132822673,3.66479864646199
wheatG,HAG,BRR,0.501366285169597,0.0617811714289049,43.6924892563087,3.74039854979596
wheatG,HAG,BayesA,0.501803373661975,0.0614282812100804,43.7151025520047,3.72277969196083
wheatG,HAG,BayesB,0.502089774395584,0.0628227641540397,43.6902306567394,3.7025274764022
wheatG,HAG,BayesC,0.502042575816782,0.0621734094475221,43.6968986990374,3.74309783387528
wheatG,HAG,GBLUP,0.502880139219465,0.0620314697964352,43.6735296468295,3.70169241535226
wheatG,HAG,LightGBM,0.497298219361879,0.0558466278819188,43.8702843754626,3.78443543988883
wheatG,HAG,RF,0.478758167730333,0.0665122440230732,44.4540564033973,4.00583510210213
wheatG,HAG,RKHS,0.506155805081906,0.0620033453776496,43.5965962705322,3.77402270083821
wheatG,HAG,XGBoost,0.494879151356601,0.0740136644589552,44.0131597917482,4.32860993834652
wheatG,HD,BL,0.696888979173035,0.0652928832639961,2.28288540177987,0.1792138927198
wheatG,HD,BRR,0.697058951527127,0.0659184332650972,2.28096537661329,0.180211021857765
wheatG,HD,BayesA,0.697632452414972,0.0643073851550286,2.27801262412794,0.178922013874121
wheatG,HD,BayesB,0.697400455426568,0.0640545583628817,2.27845444201227,0.17623680542999
wheatG,HD,BayesC,0.69685575278843,0.0646233760279619,2.28138293689603,0.179782481325623
wheatG,HD,GBLUP,0.696572017845728,0.0649551556649854,2.28070252303832,0.178837650678156
wheatG,HD,LightGBM,0.713103090987614,0.062837503507233,2.22718224728246,0.199298130306678
wheatG,HD,RF,0.698146377269116,0.0724454041131138,2.35859967407624,0.200761033012222
wheatG,HD,RKHS,0.708811729168005,0.0634718347136085,2.2534676895926,0.181024875783807
wheatG,HD,XGBoost,0.724308355642555,0.0626965790354904,2.19931145346308,0.187684009864587
wheatG,PC,BL,0.687791348860219,0.0555346439061811,0.43120268506381,0.0616606272623801
wheatG,PC,BRR,0.686454543856438,0.0527963323656113,0.432388101393035,0.0595973725937005
wheatG,PC,BayesA,0.686221300772379,0.0522996716478687,0.432338940377293,0.0592272140628362
wheatG,PC,BayesB,0.687108757451278,0.0524779929830216,0.431898287881181,0.0595471066472626
wheatG,PC,BayesC,0.685409846187398,0.0529444272295739,0.432820493141446,0.0593515958471631
wheatG,PC,GBLUP,0.685989767896037,0.0535651361047678,0.432495680860927,0.0596100858397805
wheatG,PC,LightGBM,0.684390307423885,0.0555285726501124,0.432722431558997,0.0617093858454298
wheatG,PC,RF,0.660514051811359,0.0630299615847022,0.452722326265101,0.0698131091383924
wheatG,PC,RKHS,0.695892163339708,0.0528364238917316,0.42674628524027,0.0620568278484848
wheatG,PC,XGBoost,0.676030278302395,0.057459767754853,0.436913314350825,0.0630345642422659
wheatG,PH,BL,0.809037951650234,0.0329426967340228,5.31634581795256,0.400985345591998
wheatG,PH,BRR,0.808176701770564,0.0334161655987987,5.32538421894696,0.405631090362268
wheatG,PH,BayesA,0.808723592160271,0.0331933369782269,5.31937590193567,0.401861598456642
wheatG,PH,BayesB,0.808750120329396,0.0322860561766542,5.31768823392286,0.395887332895395
wheatG,PH,BayesC,0.808169771252165,0.0333261201094858,5.32408241002017,0.401367101181463
wheatG,PH,GBLUP,0.808169676601975,0.0332352066632408,5.32497154534942,0.403596395776479
wheatG,PH,LightGBM,0.808110051437356,0.0370628116480238,5.34184867371149,0.462403618944203
wheatG,PH,RF,0.802420692251221,0.0358685349787162,5.57595798281978,0.444588470444328
wheatG,PH,RKHS,0.813481659063098,0.0324744513782027,5.27733770726447,0.407900039103105
wheatG,PH,XGBoost,0.809419052069267,0.0338056508876401,5.32093694124283,0.451504787884992
wheatG,SDS,BL,0.775862237888298,0.0449471862052598,7.31004195643819,0.484698200873069
wheatG,SDS,BRR,0.771913900970134,0.0454702716343136,7.35818424227449,0.492299550966363
wheatG,SDS,BayesA,0.782952827295086,0.0465459312521169,7.17978470668089,0.429681125195839
wheatG,SDS,BayesB,0.791371663160925,0.0456142453642601,7.06843601413866,0.498949107959375
wheatG,SDS,BayesC,0.776709366973388,0.0449951133648077,7.2874638415228,0.480763206304806
wheatG,SDS,GBLUP,0.771909505672004,0.0454537266517893,7.35761643013474,0.488702927180889
wheatG,SDS,LightGBM,0.81009484998182,0.0449562336390867,6.79217808714007,0.519715488468351
wheatG,SDS,RF,0.787101150494164,0.0472884100617735,7.20833040637364,0.504805694924217
wheatG,SDS,RKHS,0.78194778966809,0.0453257781835625,7.25167958728178,0.532854014369082
wheatG,SDS,XGBoost,0.813145332641296,0.0471267291547686,6.74670168317599,0.518295692779519
wheatG,SEP,BL,0.519725041413086,0.0598322200750923,2.55802794718993,0.293970935358259
wheatG,SEP,BRR,0.519628099645833,0.063732741653766,2.5577160133078,0.294198144468931
wheatG,SEP,BayesA,0.517820114121023,0.0630650449094732,2.56215589032526,0.289839925956663
wheatG,SEP,BayesB,0.517877325417703,0.0635162608924081,2.56538140425208,0.290563562789312
wheatG,SEP,BayesC,0.520381263646018,0.0619020018222668,2.55645550300452,0.288302997419202
wheatG,SEP,GBLUP,0.519369268729146,0.0621259114970904,2.55875559047841,0.293842164550452
wheatG,SEP,LightGBM,0.484614375528779,0.0547013708422559,2.62398697705982,0.272094701412213
wheatG,SEP,RF,0.495983661851369,0.0567861710148888,2.61901854876534,0.297750652891839
wheatG,SEP,RKHS,0.527317968386072,0.06244007436818,2.54013017045477,0.295965048023561
wheatG,SEP,XGBoost,0.481117554035132,0.0582959127374671,2.61761995326476,0.2744671216464
wheatG,STC,BL,0.601636687185696,0.0876067343353017,0.631720831622537,0.0493108473185612
wheatG,STC,BRR,0.600406263456723,0.0850474459855482,0.632093309670974,0.0489703726659704
wheatG,STC,BayesA,0.602967975087824,0.0826255377986824,0.630772179845564,0.0486951198562079
wheatG,STC,BayesB,0.610288342102706,0.0779213470551343,0.626263703937265,0.047368173739102
wheatG,STC,BayesC,0.600652816662391,0.0846514420550973,0.632025387130483,0.0487139910074533
wheatG,STC,GBLUP,0.600067912360881,0.0856935760174187,0.632669405095434,0.0497943409237131
wheatG,STC,LightGBM,0.616711809150272,0.0876625585380579,0.619554364308263,0.0501725973083907
wheatG,STC,RF,0.595489774965047,0.089996286203168,0.644011202031298,0.0469011730599081
wheatG,STC,RKHS,0.606846213493489,0.0858082299639238,0.628071729868221,0.0485113667892495
wheatG,STC,XGBoost,0.627608009403322,0.0864188193341829,0.614322058409711,0.0472304056215291
wheatG,SW,BL,0.766818957826981,0.046205453714997,1.47918703081708,0.142726582629241
wheatG,SW,BRR,0.767656130992493,0.0456235077706254,1.47457799584465,0.143023981533673
wheatG,SW,BayesA,0.768004641991825,0.0460245460115613,1.47458843907287,0.142212863266033
wheatG,SW,BayesB,0.76857818971343,0.0459788356978752,1.47257803484727,0.143003836755594
wheatG,SW,BayesC,0.768277500358158,0.045804056089566,1.47396181912085,0.142726268624524
wheatG,SW,GBLUP,0.768043963831934,0.0457558337367323,1.47421651143818,0.142559202849088
wheatG,SW,LightGBM,0.756901714495102,0.0546930637637527,1.50080531798507,0.153073412892684
wheatG,SW,RF,0.746160650407136,0.0542940130534175,1.54827760135946,0.15545575590712
wheatG,SW,RKHS,0.769801209944108,0.0470253010609585,1.47107396356167,0.148601591569304
wheatG,SW,XGBoost,0.748595934936905,0.0574523983630501,1.52252892697907,0.164134545370825
wheatG,TKW,BL,0.489855800457692,0.121075084735828,3.04171326364225,0.288408527224034
wheatG,TKW,BRR,0.489014280025633,0.125457182251149,3.04729187269653,0.300650705682888
wheatG,TKW,BayesA,0.489282872784405,0.125536268743334,3.04547534238081,0.298938053541626
wheatG,TKW,BayesB,0.488034962670567,0.12483461199611,3.0503756999565,0.300488495644752
wheatG,TKW,BayesC,0.489156045940246,0.123462385954107,3.04440102732937,0.29584951067467
wheatG,TKW,GBLUP,0.488981053300445,0.124751175126566,3.04622954693195,0.297753555766106
wheatG,TKW,LightGBM,0.47502471674121,0.111808384283959,3.04742827534437,0.304930432001889
wheatG,TKW,RF,0.464989668910403,0.110618875862084,3.06670193118055,0.319738520856584
wheatG,TKW,RKHS,0.491073274306276,0.124065907012515,3.03558148124508,0.301806907837144
wheatG,TKW,XGBoost,0.471091048094007,0.0996021497296331,3.05407704497117,0.297328998049901
wheatG,ZEL,BL,0.798707130309975,0.0397154047764072,5.42046335713562,0.385202084660017
wheatG,ZEL,BRR,0.795758701526267,0.0395031076038162,5.4526076207291,0.38093217390961
wheatG,ZEL,BayesA,0.801223196239589,0.0392521378281735,5.38939646575401,0.382257998512772
wheatG,ZEL,BayesB,0.808618289380777,0.0382132342372877,5.30022101646192,0.376144502649657
wheatG,ZEL,BayesC,0.799109011818617,0.0387267878663006,5.4149159468018,0.379601779435338
wheatG,ZEL,GBLUP,0.795630852847595,0.0395964137246006,5.45178624787965,0.375732794215276
wheatG,ZEL,LightGBM,0.820200855017549,0.0375464844499023,5.17904778600893,0.375806591065061
wheatG,ZEL,RF,0.800296460877078,0.0379559914305291,5.57328675575414,0.368661707041883
wheatG,ZEL,RKHS,0.802836131930557,0.0414126998211152,5.40196043598471,0.399622159066346
wheatG,ZEL,XGBoost,0.826505599784143,0.038088884319141,5.12903610958584,0.383409903799845
